id,name,climb_category,climb_category_desc,avg_grade,elev_difference,distance,start_lat,start_lng,end_lat,end_lng,starred
8146698,Sv Peter,2,3,8.4,178.8,2135.4,45.454516,13.662334,45.461263,13.671938,False
2699447,Stara Strunjanska,1,4,4.3,98.6,2294.3,45.52557474933565,13.60039352439344,45.52199685014784,13.587053222581744,False
27578303,Umag PROLOGUE 2021,0,NC,-0.6,6.2,964.2,45.434658,13.522954,45.434617,13.522849,False
1782382,Izola - Belveder,0,NC,5.5,66.2,1165.8,45.530092008411884,13.650440443307161,45.53070828784257,13.636721195653081,False
26304972,Ruda sprint,0,NC,0.5,4.6,332.4,45.542692,13.675888,45.540521,13.673035,False
10370629,Dobrava do cerkve,0,NC,4.6,58.0,1262.7,45.52723,13.62513,45.52952,13.635568,False
2167381,Baredi Climb,1,4,8.4,80.8,966.7,45.52092866040766,13.663473296910524,45.52029641345143,13.675587913021445,False
1911147,Korte Climb,2,3,8.6,175.0,2036.1,45.489988289773464,13.673441307619214,45.48900115303695,13.662206120789051,False
1819670,Korte Climb,1,4,6.6,94.5,1432.5,45.48531227745116,13.639353113248944,45.489211664535105,13.654694426804781,False
2212276,seča-korte,2,3,4.4,180.1,4055.9,45.496557732112706,13.613521596416831,45.48929234035313,13.654826525598764,False
7022368,Stara Šmarska,2,3,4.4,199.1,4396.0,45.52604,13.733816,45.51589,13.7041,False
5674220,kubed,2,3,3.9,165.4,4209.1,45.532477,13.872523,45.519949,13.869846,False
9385204,Cepki - Dekani,0,NC,-0.5,25.8,4654.8,45.544436,13.846706,45.55477,13.795049,False
7923918,vanganel-babici,1,4,5.0,159.6,3162.6,45.517648,13.779053,45.501182,13.782107,False
24643819,Salitina,0,NC,2.2,27.4,1148.5,45.55781,13.786559,45.553192,13.799775,False
25118291,Bertoki - OMW,0,NC,-0.2,9.6,2109.3,45.546443,13.764925,45.557476,13.78581,False
17099541,Galantiči,0,NC,6.5,24.5,374.9,45.492951,13.871869,45.494273,13.868047,False
7879558,Šmarje 1 vzpon,0,NC,9.8,55.2,558.2,45.508392,13.705399,45.504535,13.707979,False
14983384,Strappo Kavaliči,0,NC,3.6,10.8,301.7,45.517873,13.824248,45.520166,13.82609,False
14983334,Strappo Puče,0,NC,4.5,27.0,597.2,45.483783,13.708516,45.481519,13.714795,False
15157328,Preko pruge,0,NC,1.8,36.4,1971.3,45.428783,14.297329,45.444038,14.286289,False
16156142,Skalnic za junake,0,NC,0.6,7.8,390.4,45.445874,14.342443,45.443769,14.346411,False
24289694,SEVENTEEN Sprint,0,NC,0.9,5.4,351.3,45.565815,14.243778,45.56304,14.245714,False
13135258,Poleti do Rupe,0,NC,-5.0,91.4,1772.7,45.4661,14.301658,45.474068,14.285253,False
16423761,Rupa 1K TT,0,NC,-0.3,3.1,1088.8,45.463395,14.280398,45.471449,14.284175,False
19973515,Ružići spust,0,NC,-6.7,60.9,912.6,45.430176,14.317813,45.423419,14.314979,False
6913151,Ubrš,1,4,7.0,114.8,1631.2,45.503987,14.347947,45.493649,14.34697,False
9995236,Škalnica,0,NC,2.5,70.7,2790.8,45.423577,14.3433,45.44339,14.331453,False
25248146,Dane uphill to crossroad Buzet/Rjeka ,1,4,4.1,102.8,2468.4,45.470623,14.04118,45.457825,14.039236,False
19947544,ritomece velike loce,0,NC,-5.1,77.0,1428.2,45.558153,14.066635,45.564825,14.051527,False
9874292,Gas do daske ll,0,NC,-7.2,22.7,309.3,45.422833,14.377559,45.420283,14.378897,False
21140775,Studena - Klana,0,NC,-0.7,33.9,2301.7,45.42962,14.390986,45.445794,14.376558,False
9991146,Uspon Klana,0,NC,3.2,43.4,1373.6,45.437062,14.3663,45.445213,14.374868,False
1274096,Gomance Climb,2,3,8.5,253.0,2986.6,45.488056,14.408099,45.497726,14.40767,False
20028175,uspon patnje,2,3,11.0,313.4,2840.2,45.456372,14.438948,45.464605,14.451766,False
20108322,GABM Draga Uphill,0,NC,6.8,51.2,751.5,45.429737,14.437601,45.423856,14.437586,False
16637227,GABM B.Brothers Singletrack,0,NC,-0.9,37.7,1128.5,45.442888,14.501198,45.434515,14.496948,False
20139086,kičej bez grotah,0,NC,5.4,32.2,592.8,45.428032,14.435618,45.426814,14.428123,False
12900752,DH Radeshevo,0,NC,-17.7,219.5,1223.5,45.429435,14.578541,45.426486,14.567952,False
18500206,Smrečje - Gerovo,0,NC,0.8,34.0,3391.4,45.536103,14.647915,45.515204,14.64071,False
15501795,Strma Reber (nova cesta),4,1,8.1,659.9,8106.8,45.530356,14.688373,45.556771,14.727111,False
12494221,Zgornji Čačič - Strma reber,3,2,8.7,396.2,4543.2,45.546198,14.71339,45.556211,14.72758,False
1031588,Segment,2,3,5.5,302.2,5454.1,45.475227842107415,14.87948921509087,45.5044315662235,14.891169983893633,False
7111515,Strmo reber iz Borovca,2,3,5.5,320.9,5727.2,45.546506,14.782985,45.556898,14.727203,False
25158476,Strma reber last 2 km,1,4,7.1,82.8,1170.9,45.550553,14.723239,45.556192,14.727538,False
17745729,Dejčitov klanček,0,NC,2.4,7.8,330.7,45.556365,14.86439,45.559197,14.865009,False
18872731,Kaptol climb,0,NC,3.7,29.0,787.1,45.530152,14.859266,45.523377,14.858393,False
9470805,Colnar spust,0,NC,-6.1,314.3,4908.9,45.50126,14.892346,45.475627,14.879753,False
25158447,Mirtoviči full climb,0,NC,9.2,78.8,859.7,45.502464,14.797447,45.505012,14.792341,False
19031609,Skrad climb,0,NC,4.4,76.0,1506.4,45.422783,14.907216,45.428794,14.914667,False
11307230,Knežja lipa-Videm,0,NC,3.7,58.7,1605.3,45.550463,15.009536,45.543683,15.026916,False
17174053,Čeplje tempo,2,3,5.7,163.0,2879.0,45.538979,15.045466,45.543166,15.028168,False
17545448,Predgrad - Cerkev sv. Trojice,2,3,2.9,237.0,8123.0,45.504123,15.058089,45.54399,15.026365,False
2412837,Zilje Climb,1,4,5.6,82.8,1471.4,45.46554640866816,15.280507542192936,45.46272405423224,15.2979092951864,False
21378638,Črnomelj (Belsad)- Vrh gora,3,2,4.3,428.5,9886.9,45.564869,15.172803,45.504938,15.132258,False
13040738,Rijan ,0,NC,9.1,20.6,227.6,45.546126,15.245213,45.546391,15.247715,False
10175693,Perudina,0,NC,5.9,52.6,891.7,45.471124,15.244361,45.477598,15.24929,False
12929454,Radenci-Dečina climb,1,4,7.8,152.2,1900.5,45.469056,15.093452,45.476485,15.092272,False
21637464,Gornji Suhor - kamnolom,0,NC,1.3,13.5,1036.3,45.496661,15.191013,45.488234,15.192785,False
2090009,Dalnje Njive 14 Climb,1,4,6.6,127.3,1926.7,45.44436,15.142122,45.43463,15.158403,False
14845113,Od rotora do rotora (uspon prema Švarči),0,NC,3.0,13.8,454.4,45.47951,15.545841,45.476057,15.544179,False
9832492,Mahično škola ,0,NC,2.5,10.8,436.9,45.548409,15.538297,45.551237,15.536404,False
23441405,uspon sv. Križ,1,4,6.8,97.0,1403.2,45.518453,15.443295,45.527377,15.438734,False
15818506,Jaskovo TT,0,NC,-0.7,15.2,2103.3,45.564038,15.481874,45.563817,15.506888,False
23543069,švarća rodeo sprint,0,NC,3.5,22.8,644.0,45.468192,15.534362,45.471586,15.540712,False
11934198,Duga Resa (INA) - Karlovac (Tifon),0,NC,0.3,33.0,5082.5,45.458122,15.491452,45.474918,15.54257,False
14989950,Novigrad castel climb,0,NC,9.5,51.0,523.9,45.478087,15.450246,45.481946,15.452987,False
17538943,Popović brdo -Lemić Brdo (hupser- od mostića),0,NC,3.1,26.0,830.5,45.467715,15.630118,45.469943,15.620772,False
10017893,Belavići - DVD Duga Resa,0,NC,-0.2,10.3,3171.0,45.42219,15.479616,45.443102,15.504314,False
5714382,Vzpon Preloka,0,NC,8.0,67.6,845.9,45.476058,15.347247,45.471419,15.340626,False
9753276,Kupski Slapovi short climb,0,NC,6.3,27.3,434.7,45.538817,15.907888,45.538453,15.913032,False
26379469,Popović Brdo Sprint Climb,0,NC,3.4,25.5,740.0,45.46023,15.65356,45.46218,15.64455,False
23442318,Iz rupe na istok,0,NC,6.8,36.2,527.2,45.517705,15.938145,45.513608,15.936648,False
18788243,Lijevo Sredičko uspon,0,NC,3.9,33.2,860.7,45.535875,15.873466,45.533785,15.881383,False
11476519,BANSKI KOVACEVAC,0,NC,9.6,36.4,377.6,45.485627,15.77723,45.487111,15.781193,False
22918415,Pun gas,0,NC,-0.4,20.4,4144.7,45.482857,15.749857,45.512485,15.723471,False
16777866,Rečica-kanal Kupa-Kupa,0,NC,-0.1,23.8,11646.6,45.51049,15.6598,45.52832,15.78626,False
9400628,Lukinić Brdo kratki uspon,0,NC,3.1,35.3,1111.4,45.545068,15.939655,45.554076,15.944151,False
5998352,Banski Kovačevac (od Lasinje),0,NC,1.5,47.2,2741.1,45.50591,15.796924,45.486858,15.781244,False
26157276,Vukmanić Climb,0,NC,9.0,46.6,520.3,45.426465,15.657836,45.423405,15.655501,False
3754694,D36 Climb,1,4,7.6,81.1,1069.5,45.48701229505241,16.03746933862567,45.48951471224427,16.045263251289725,False
17804106,Župić hupser,0,NC,4.8,50.8,1035.9,45.427398,16.228308,45.422778,16.217485,False
10259103,Petrinjsko Selište - Uspon,0,NC,4.0,49.6,1230.6,45.440113,16.251484,45.437555,16.237451,False
8842929,Hotnja kratki uspon,0,NC,5.0,70.4,1402.6,45.506189,16.047505,45.513743,16.056213,False
17709250,Uspon na vodovod,0,NC,3.2,38.3,1153.2,45.420667,16.25066,45.425369,16.262737,False
20123537,DH Sv. Rok,0,NC,-10.7,78.4,733.4,45.424105,16.267621,45.429831,16.271274,False
20038939,Sprint u Pokupsko ! ,0,NC,-1.7,34.1,1795.1,45.498956,15.980101,45.48661,15.988636,False
8842767,Strezojevo wall,0,NC,8.3,59.3,716.6,45.52678,16.042098,45.525893,16.04942,False
18887224,Krckaju žbice oko školice :-),0,NC,4.6,36.8,774.2,45.561428,16.009278,45.558041,16.005768,False
24901997,Stari Brod-Žažina,0,NC,0.0,14.4,7699.4,45.486408,16.166657,45.515335,16.246027,False
20636564,GF Sisak finish,0,NC,-1.0,23.4,2365.3,45.472539,16.366982,45.48603,16.37085,False
17790116,Stari most D-L,0,NC,-1.0,12.7,390.8,45.482297,16.368184,45.484008,16.371693,False
17790045,Brzaj UpHill,0,NC,3.4,23.6,653.6,45.462994,16.372171,45.468164,16.368804,False
18356292,Slatina uphill,0,NC,2.6,52.0,1130.4,45.44001,16.300162,45.438198,16.314005,False
24695789,Capraška,0,NC,-0.3,1.6,537.2,45.453671,16.371052,45.451885,16.377068,False
17790032,Naselje sprint sjever,0,NC,0.1,10.1,2059.4,45.444491,16.367828,45.462594,16.372136,False
11457438,Uspon na Slatinu,0,NC,5.0,43.8,871.6,45.440785,16.328005,45.436644,16.319209,False
24688746,Zagrebačka Full (do Odranskog mosta),0,NC,0.1,1.6,1362.4,45.496277,16.368061,45.49892,16.351435,False
24688919,Žirčica - Tišina Kaptolska,0,NC,-0.0,2.2,1480.5,45.538361,16.379284,45.526009,16.378683,False
12720262,Roganka,0,NC,0.0,4.8,5573.0,45.48582,16.466935,45.450007,16.426486,False
9785516,Primero - Pineta,0,NC,-0.1,6.6,5477.6,45.710555,13.461319,45.681819,13.417279,False
26802402,volata a grado,0,NC,-0.0,4.0,510.1,45.679388,13.396807,45.678091,13.390617,False
15387295,Grado - Primèro,0,NC,0.0,2.0,5988.8,45.683,13.407105,45.707797,13.462557,False
17358474,Grado Pineta - Primèro,0,NC,0.0,3.0,4106.2,45.683003,13.43226,45.709557,13.461801,False
9461676,lungo ape,0,NC,0.0,0.0,3275.7,45.698479,13.458841,45.680734,13.425983,False
24975163,Grado ⏩ Grado Pineta,0,NC,-0.0,1.3,1612.9,45.677994,13.409988,45.677532,13.431908,False
18508385,Viale del Sole,0,NC,0.5,4.0,549.6,45.678089,13.402917,45.678362,13.409846,False
15387319,Primèro - Grado,0,NC,0.0,3.0,5980.1,45.707883,13.462417,45.683017,13.406948,False
25993819,Lido di Grado,0,NC,0.0,4.0,3043.0,45.677074,13.430667,45.676201,13.39193,False
18287598,primero grado ritorno,0,NC,0.1,10.9,6017.0,45.694889,13.452235,45.678329,13.388944,False
26251301,pivo II,0,NC,-23.2,174.0,751.4,45.590656,13.846164,45.596028,13.843247,False
17953883,Terra nuova,0,NC,-12.3,119.0,956.2,45.627342,13.895618,45.624561,13.8877,False
9373545,pini up,0,NC,5.1,46.9,909.9,45.665468,13.853169,45.670848,13.853792,False
27235084,Wild,0,NC,-13.9,148.1,1066.3,45.641627,13.89598,45.635481,13.902754,False
831139,Strada Vicentina Climb,3,2,3.8,327.0,8664.4,45.65452052280307,13.7800726108253,45.67956933751702,13.781117582693696,False
20551415,Bruco Mela Completo #1,0,NC,-3.9,49.6,1177.0,45.632107,13.884684,45.634871,13.873126,False
8152494,Salita da Brigata Casale,0,NC,1.1,17.9,512.1,45.633975,13.83975,45.637789,13.836302,False
4804307,Muro Perarolo,0,NC,2.6,37.2,460.4,45.678553,13.756912,45.676124,13.756279,False
8023074,Via Livia,0,NC,9.8,44.0,448.1,45.708767,13.715523,45.710262,13.716443,False
6766822,Lazzaretto Climb,2,3,8.0,166.8,2074.6,45.596147,13.724753,45.598645,13.742555,False
26108314,Zagorje - Bač ,0,NC,1.5,53.0,3004.0,45.644129,14.226509,45.637566,14.25944,False
4816761,Bistrc - Šembije,2,3,4.2,236.3,5018.9,45.578788,14.237204,45.60422,14.24082,False
21373997,Šembije serpentine,0,NC,4.6,70.8,1527.8,45.591624,14.232815,45.594869,14.239839,False
9969667,Vremscica from neverke climb,2,3,3.3,241.0,7397.4,45.668648,14.137673,45.676975,14.055892,False
2421590,Crne njive climb,2,3,6.9,171.5,2500.4,45.570951,14.243195,45.571139,14.257427,False
18278849,Borovci Flow,0,NC,-10.2,110.9,1082.0,45.577978,14.267846,45.574809,14.257172,False
10288103,puklc na postajo,0,NC,4.0,22.0,555.0,45.681098,14.195347,45.676535,14.192797,False
20003637,Vremscica downhill,0,NC,-3.6,259.2,7249.8,45.677325,14.056647,45.668411,14.138824,False
6498782,Prem vzpon,0,NC,4.6,76.4,1674.9,45.607815,14.178817,45.604885,14.185171,False
4843629,Suhorje Climb,1,4,7.9,130.4,1651.9,45.640235,14.090135,45.639451,14.102734,False
26477845,Do viadukta,0,NC,5.4,34.0,632.4,45.701549,14.582976,45.701922,14.589813,False
8620672,Loski Potok Cerkev Climb,0,NC,10.6,41.6,393.7,45.701561,14.590459,45.700715,14.588769,False
2468061,Retje - Skakalnica,0,NC,14.5,65.8,453.9,45.7080861646682,14.57520056515932,45.70648740045726,14.57103492692113,False
20962761,Lazec climb,1,4,4.7,133.0,2840.1,45.657501,14.629007,45.638632,14.628908,False
23124346,Pukl šampionov,0,NC,2.9,9.9,324.7,45.701012,14.489632,45.700912,14.49368,False
12839244,Čabar - Parg,2,3,7.7,273.4,3573.1,45.596391,14.643224,45.597643,14.626649,False
25696907,zaključek vzpona,0,NC,5.9,52.6,894.4,45.572605,14.388428,45.574167,14.398333,False
2086885,Segment,1,4,5.8,141.0,2445.9,45.67438328638673,14.46895843371749,45.65772023051977,14.472033753991127,False
19976271,Pulje <> Jermendul,0,NC,-0.2,12.6,3024.5,45.653584,14.541537,45.675349,14.520343,False
5582447,Snežnik Climb,1,4,4.1,83.6,2062.0,45.583779,14.414282,45.593788,14.397164,False
7296871,Vzpon Laze,3,2,4.4,344.0,7648.3,45.63458,14.907767,45.610992,14.994891,False
7717313,Mozeljski klanec,0,NC,6.3,35.4,561.4,45.589966,14.925866,45.586166,14.930566,False
23497896,Veronika flow trail 2020,0,NC,-8.9,196.0,2208.5,45.613015,14.871981,45.617383,14.879181,False
9848858,Livold-Kočevje,0,NC,0.2,6.6,2442.1,45.615273,14.889755,45.629319,14.867365,False
18296287,Meditov klanček,0,NC,-0.1,5.6,304.6,45.56859,14.950951,45.568255,14.946894,False
17757953,Bosanska koča Climb 23,2,3,6.0,263.4,4374.2,45.640486,14.834823,45.627469,14.838671,False
24148759,Ložine-Kočevje,0,NC,0.1,9.0,6036.2,45.689198,14.800415,45.652863,14.851452,False
21716015,Gotenica,0,NC,4.4,59.0,1336.0,45.602952,14.759323,45.611677,14.747805,False
22826427,Hinjski krog,0,NC,0.0,140.2,32900.6,45.697557,14.879526,45.697332,14.879005,False
14883831,Kočevska reka - Štalcarji,0,NC,-0.8,42.2,5407.5,45.575384,14.801196,45.570722,14.866496,False
7491770,Občice - Črmošnjice to top Climb,2,3,4.0,314.8,7778.1,45.70937,15.072571,45.654641,15.124271,False
20264693,Brezova reber climb,1,4,9.5,131.6,1382.3,45.693835,15.228561,45.705083,15.228445,False
4204451,Gače vzpon,2,3,7.5,269.8,3578.2,45.672446,15.099453,45.666257,15.089246,False
20865498,Krvavčji vrh -> Sovinek,0,NC,-1.2,47.4,4043.0,45.656745,15.256119,45.648358,15.209939,False
20695320,Semič-gaber-brezovica vrh,2,3,4.8,315.9,6605.9,45.65248,15.182692,45.654156,15.126403,False
5773117,Metlika-Krvavčji vrh-Semič,0,NC,0.3,58.8,9799.7,45.650345,15.303292,45.648618,15.19261,False
18405671,Podzemelj climb,0,NC,4.3,23.6,547.5,45.607456,15.274186,45.611267,15.271885,False
2174057,Sela Pri Jugorju 4 Climb,2,3,6.5,171.8,2661.6,45.68433713167906,15.223737750202417,45.70526313968003,15.228554159402847,False
22889686,suhorski breg,0,NC,8.4,42.8,508.8,45.68932,15.273684,45.69226,15.268881,False
20945776,Svetli potok Climb,1,4,8.7,99.0,1132.4,45.571302,15.002189,45.579148,14.998848,False
26385248,Čeglje-Gornja Kupčina,0,NC,0.3,38.0,4220.2,45.624658,15.602412,45.624826,15.556494,False
23756243,Novaki -Jaska vetrinarska,0,NC,0.1,3.6,1976.4,45.645002,15.619089,45.656855,15.63791,False
12625149,Mirkopolje - Brezaric,0,NC,2.0,50.0,2431.8,45.626254,15.522554,45.645064,15.523964,False
4668356,Ozalj - Zorkovac Sprint,0,NC,-0.2,32.7,8728.5,45.613858,15.477845,45.594702,15.538933,False
12312627,Odin !!!,0,NC,-0.4,2.0,474.3,45.586158,15.595804,45.590222,15.597731,False
12611709,Kamanje(raskrsnica Vivodina) - pruga(elektrarna),0,NC,-0.2,11.0,4549.2,45.645509,15.407742,45.632186,15.452203,False
23107452,Slipa vrata sprint Reverso,0,NC,1.4,12.7,798.7,45.607161,15.445128,45.602897,15.437336,False
10366992,Grkokatolička- ulaz u Krasić *,0,NC,-0.6,12.4,1791.6,45.671975,15.513521,45.656993,15.520465,False
12213172,uz vrtić,0,NC,1.7,11.2,654.7,45.566831,15.588117,45.571321,15.592938,False
14542991,Jurovski - Kamanje,0,NC,0.6,50.5,5751.2,45.63233,15.32404,45.63317,15.391287,False
7374128,penezici,0,NC,6.4,47.0,729.5,45.638677,15.8679,45.632902,15.867335,False
15344232,Mali grm - Jug,0,NC,0.6,17.5,2626.1,45.695083,15.901065,45.674029,15.888276,False
15344205,Mali grm - Sjever,0,NC,-0.5,15.8,2679.9,45.674013,15.888262,45.695188,15.90118,False
6855535,Ajvar,0,NC,5.1,13.6,266.5,45.60555,15.853704,45.604338,15.850918,False
20841532,Bukovčak Uphill Sprint,0,NC,4.2,14.2,336.5,45.630995,15.943819,45.629476,15.947546,False
23305583,Starjak - Steepest Part,0,NC,7.2,27.6,381.2,45.675542,15.87424,45.672244,15.8731,False
24299967,Donja Zdenčina - Klinča,0,NC,0.5,4.6,962.7,45.682965,15.751017,45.690099,15.744657,False
14858419,jaska - klinča sela,0,NC,-0.1,28.8,7051.1,45.676435,15.655432,45.69209,15.741821,False
13261230,Kupinec hupser,0,NC,2.2,20.5,942.9,45.664619,15.780003,45.657783,15.786763,False
25958211,Lucelnica uspon,0,NC,6.7,43.6,637.6,45.604571,15.910971,45.609567,15.910879,False
18434420,Buševec - Lekenik (benzinska),0,NC,-0.1,16.3,8773.5,45.633797,16.115702,45.589642,16.202173,False
16395254,Kravarsko short climb,0,NC,3.1,44.4,1271.9,45.593272,16.05984,45.585741,16.048826,False
13045433,Kušanec (tabla) - M. Buna (križanje),0,NC,0.2,15.8,5212.0,45.68831,16.058665,45.643763,16.055238,False
9519608,Kozjača - Lakovica short climb,0,NC,6.0,26.6,442.4,45.603194,16.005785,45.599568,16.006105,False
20444849,Mala Buna (križanje) - Kušanec (tabla),0,NC,-0.3,18.6,5237.6,45.643778,16.055319,45.688146,16.058606,False
24900585,Lukavec - Gudci,0,NC,0.5,14.0,2770.2,45.697831,15.984803,45.673565,15.978513,False
7942535,"M Turopoljski uspon, ",0,NC,4.3,32.8,691.4,45.657639,15.97382,45.653323,15.971751,False
1787963,Gudci uspon,0,NC,3.0,35.9,1172.3,45.65738252368351,15.998721811935305,45.64723099120487,15.994945932194586,False
12581780,Gorica - Cice makadam,0,NC,0.1,3.0,923.6,45.708313,16.090206,45.706586,16.101211,False
24132012,Velesevec - Drnek,0,NC,0.0,5.9,7635.3,45.654415,16.261319,45.701226,16.212033,False
24384653,Ljevica Dubrovčaka - Martinska Ves do mosta,0,NC,0.0,6.8,10691.7,45.647874,16.339968,45.587242,16.370933,False
20976517,Master of Lake-town,0,NC,-0.2,2.0,1297.5,45.609931,16.355075,45.600576,16.363887,False
8333776,Industrijalac sprinter,0,NC,-0.1,2.8,1083.3,45.69602,16.37916,45.693717,16.391279,False
26869144,Peleti,0,NC,-0.8,3.8,425.8,45.693399,16.392262,45.691408,16.396493,False
9864629,Savski dodir TT Course 6 km,0,NC,0.0,8.9,5731.5,45.692084,16.365378,45.64876,16.341134,False
9048998,Graberska utvara,0,NC,0.3,16.8,4607.3,45.710728,16.415465,45.709957,16.472397,False
7732281,Širinečki špic,0,NC,3.5,18.4,485.2,45.672113,16.491794,45.675757,16.492729,False
12979475,Vidrenjački Hupseri,0,NC,2.0,9.8,487.7,45.619576,16.568292,45.615399,16.568128,False
1803101,Kronometar u Žutici,0,NC,-0.0,14.0,7569.8,45.65549847,16.43488338,45.65517454,16.43439127,False
17361425,Better Call Saul,0,NC,-0.1,2.6,4067.5,45.658754,16.529195,45.628428,16.554974,False
13531858,duino -> sistiana TT,0,NC,0.2,6.2,784.9,45.774391,13.614843,45.772948,13.624613,False
8335324,Selz Climb 1^p.,0,NC,2.7,72.6,2496.7,45.824589,13.522093,45.839706,13.529307,False
17723343,Strappetto Sacrario Redipuglia,0,NC,2.7,10.2,379.8,45.847206,13.488018,45.850461,13.486635,False
3247055,Salita di Jamiano,0,NC,1.6,28.8,1660.9,45.82314890809357,13.578637288883328,45.83499915897846,13.566453689709306,False
6219940,Sistiana - San Giovanni al Timavo,0,NC,-1.4,66.6,4605.1,45.770652,13.638767,45.787728,13.592236,False
6219932,San Giovanni - Sablici,0,NC,1.9,60.0,2877.2,45.788054,13.59193,45.809232,13.580261,False
7295677,Salita delle Giarine,0,NC,8.2,47.6,583.7,45.817041,13.543117,45.82126,13.544747,False
26217183,Fine Costiera SPRINT ,0,NC,-0.1,3.4,762.2,45.75682,13.645463,45.762275,13.639816,False
8210412,salita tra via del puccino e santa croce,1,4,11.0,97.5,887.5,45.735422,13.682808,45.732528,13.6923,False
26195903,Strappo,0,NC,3.7,12.8,347.1,45.768069,13.694662,45.76577,13.697554,False
27136059,VirtualLGF,2,3,2.6,234.8,6865.6,45.718881,13.808976,45.746926,13.782006,False
3180537,Salita Lanaro,1,4,7.9,80.4,1017.7,45.741482,13.779364,45.746951,13.782257,False
1470228,Nanos,3,2,6.8,572.9,8347.7,45.792113,13.985718,45.796898,14.008103,False
7466937,Strappo Rupinpiccolo - Sagrado,0,NC,5.7,52.2,906.0,45.725171,13.763599,45.726339,13.773571,False
2712741,strappo di sagrado,0,NC,10.0,55.8,557.3,45.722988434135914,13.783426880836487,45.72579888626933,13.77836194820702,False
7863967,Stjak Full,2,3,6.1,302.6,4837.7,45.80549,13.866205,45.79747,13.897938,False
3843608,Manče puklc,1,4,4.5,87.6,1943.5,45.81921276636422,13.937066327780485,45.81455687060952,13.922558929771185,False
16417057,single track 1 vs Gabrovizza,0,NC,1.1,8.7,601.3,45.71872,13.741266,45.72243,13.740355,False
7029692,stanjel,2,3,4.5,219.8,4853.6,45.85135,13.804364,45.823599,13.843476,False
13719109,Komen-Stanjel,0,NC,0.1,75.1,7149.5,45.820353,13.750387,45.819794,13.834647,False
18824764,Planina-vrh,1,4,3.7,121.2,3270.1,45.821893,14.243411,45.808126,14.233617,False
26523445,Patient Zero,0,NC,-17.5,155.0,885.5,45.779226,14.229929,45.781918,14.223581,False
10136163,Razdrto-Laže climb,1,4,3.9,90.0,2218.4,45.757081,14.068129,45.746138,14.061751,False
2460382,Rakek Climb,0,NC,3.3,54.3,1632.1,45.814082,14.3086357,45.8093475,14.3274042,False
12630200,Slavinje AC most facka,0,NC,2.1,7.6,303.2,45.761184,14.098829,45.760786,14.095147,False
10716705,Kalič climb,2,3,5.6,177.2,3082.3,45.79519,14.24204,45.780552,14.270689,False
20038448,Postojna-Razdrto,0,NC,0.4,44.8,10399.7,45.769766,14.191854,45.757732,14.069086,False
18495074,Prestranek - Hruševje,0,NC,0.3,36.6,6824.6,45.730717,14.181014,45.76305,14.121445,False
12786873,Hruševje - uphill main-road E-W,0,NC,3.3,15.4,443.5,45.764792,14.12479,45.763305,14.119721,False
19467513,Erazmus Ascendus ,0,NC,1.4,14.0,402.0,45.814518,14.128177,45.814932,14.132078,False
5425556,Rob-selo pri Robu climb,2,3,7.2,282.6,3948.7,45.845258,14.558159,45.83578,14.535473,False
8168269,Sodražica-Sv.Gregor,2,3,5.8,186.3,3201.9,45.763118,14.637758,45.784003,14.641091,False
20787610,Lužarjev Breg do križišča,2,3,6.6,224.8,3391.0,45.804062,14.573194,45.801704,14.550837,False
22372052,Slivnica - vrh,1,4,6.5,140.6,2164.7,45.790415,14.418403,45.791694,14.406707,False
15638664,Mali log-Bloke climb,0,NC,3.1,61.8,1976.3,45.729575,14.565903,45.73996,14.546824,False
12499859,Slivnica makedam,3,2,6.5,467.8,7050.8,45.802517,14.374132,45.791607,14.406607,False
16882251,Črnec stena,1,4,12.7,103.7,814.6,45.777271,14.607797,45.782103,14.612494,False
25296881,medvedov vzpon,1,4,2.6,133.4,4909.8,45.771937,14.511583,45.742115,14.546628,False
17771167,Stari trg Full,1,4,1.5,118.6,5764.6,45.715382,14.470963,45.758158,14.469925,False
21980902,klance s klancem,0,NC,4.1,79.9,1885.1,45.72935,14.41171,45.719047,14.429516,False
12730899,Mali Korinj Climb,2,3,6.7,179.0,2660.8,45.8441,14.812692,45.844785,14.78566,False
25428667,Inotherm - Inles,0,NC,-0.3,3.6,1210.6,45.748758,14.720189,45.742154,14.732529,False
18120649,Baragova cesta pod farno cerkvijo,0,NC,6.7,42.4,631.7,45.831006,14.932725,45.836005,14.935577,False
13148680,Kašča - Žužemberk,0,NC,-0.9,76.1,7602.1,45.85781,14.84371,45.83318,14.926225,False
22777710,Žvirče - Ambrus,0,NC,-1.8,111.6,4925.8,45.785985,14.828749,45.823428,14.814669,False
9239179,Mačkovec pri Dvoru climb,0,NC,7.8,44.2,568.6,45.811256,14.966003,45.815718,14.963213,False
21451798,Sv. Ana DH,0,NC,-12.6,94.2,747.3,45.768794,14.744866,45.766957,14.752307,False
21601410,Črni Vrh spust,0,NC,-4.0,69.0,1725.1,45.718687,14.822035,45.727386,14.805036,False
9296487,Grmada (Ortnek),2,3,7.4,289.4,3907.9,45.794075,14.680294,45.812746,14.695778,False
17367378,Videm/Lipe: 10km,0,NC,-0.3,28.8,9969.6,45.848068,14.694894,45.784029,14.773445,False
20676716,Otočec TT,0,NC,-0.0,9.8,2265.7,45.854892,15.254486,45.8396,15.237264,False
13254766,lešnica,0,NC,1.3,12.8,961.8,45.833552,15.209564,45.829905,15.200498,False
18800317,Jarki,0,NC,0.0,0.0,1405.1,45.789926,15.00372,45.785754,15.011374,False
15467835,Pletenka - Lešnica (odcep),0,NC,0.5,13.5,809.1,45.826947,15.190953,45.829656,15.200143,False
26597621,Pirate Fox trail,0,NC,-13.9,105.1,754.6,45.840432,15.15021,45.836548,15.146512,False
25405088,Krka - Picerija Mačkovec,0,NC,-0.0,7.4,1580.2,45.814647,15.177076,45.825241,15.190117,False
7055674,Dolž - stena,1,4,11.3,81.0,714.0,45.769896,15.258094,45.768884,15.254079,False
23690617,od silosa TT,0,NC,-0.5,11.0,918.4,45.77775,15.059068,45.781668,15.069413,False
12195620,Mount Gulubijek (most-cerkev),2,3,8.2,210.9,2566.9,45.851886,15.08072,45.847565,15.066943,False
6833445,peskokop Cerov log - Krvavi kamen,3,2,8.4,571.2,6807.0,45.792851,15.316736,45.769224,15.313904,False
2047213,Črneča vas,2,3,3.4,208.9,5950.2,45.841808,15.425607,45.828247,15.458701,False
4352981,Uspon na Japetić 6 km,3,2,6.4,408.0,6373.4,45.751591,15.572221,45.742762,15.605832,False
24946446,TT Šentjernej - Kostanjevica rondo,0,NC,-0.5,33.1,5565.0,45.84513,15.344852,45.847319,15.411254,False
4410073,Javorovica (most/križišče planinski dom),3,2,8.1,416.6,5149.6,45.824788,15.35284,45.801737,15.361673,False
17325757,Kriz-Stojdraga,2,3,6.7,252.4,3778.5,45.836991,15.607518,45.838911,15.571341,False
19991214,Oštrc - grande finale,0,NC,4.9,21.2,436.7,45.827434,15.454073,45.82833,15.458408,False
2019611,Planina pri Podbocju,3,2,6.3,482.2,7683.8,45.852178,15.484117,45.829861,15.507803,False
14485378,Noršić,3,2,8.4,405.6,4837.6,45.803323,15.634043,45.789592,15.584334,False
22940858,Makadam (kraj asfalta - Koretići),1,4,1.9,91.8,4711.4,45.824814,15.577844,45.79493,15.545629,False
1459991,Segment,1,4,8.0,85.6,1065.8,45.7279305,15.49454583,45.73515569,15.49189084,False
2238188,Zelena Magistrala crta-crta,2,3,8.2,309.6,3713.8,45.8230018615723,15.8736209869385,45.8476791381836,15.8834209442139,False
14953653,Veprov spust,0,NC,-12.2,120.2,988.2,45.842942,15.868288,45.837245,15.861938,False
1487526,jarun - v.k.,0,NC,0.0,8.7,6336.7,45.78214975,15.92490932,45.78217632,15.92480885,False
23602833,Kameno-lom,0,NC,-9.5,59.0,622.8,45.838235,15.861692,45.839057,15.858789,False
13744755,Grma 3/2,0,NC,-6.2,42.9,464.5,45.8179,15.916802,45.817825,15.920412,False
27350509,cx Orešje,0,NC,0.1,10.8,2636.9,45.822414,15.798313,45.822508,15.798273,False
15396177,Grdanjci - Bregana,0,NC,-0.6,37.3,4582.2,45.820847,15.643374,45.841615,15.684157,False
12335029,Od nasipa do Čeha,0,NC,-0.1,4.6,2048.4,45.725466,15.94552,45.741808,15.956134,False
3882217,Uphill Dugava,0,NC,7.6,72.0,943.9,45.77409792691469,15.733971185982227,45.76843989081681,15.740029122680426,False
15288011,"Plešivica last 3,1km by MK",2,3,6.2,192.4,3117.4,45.726991,15.653474,45.736889,15.656593,False
15236847,Nazorova - Cmrok,1,4,3.2,103.6,3163.8,45.814049,15.964423,45.835889,15.971772,False
18843592,Mihaljevac-Zvijezda,0,NC,-1.9,25.2,1295.8,45.840199,15.975617,45.828871,15.978755,False
23934908,Miševečka sprint,0,NC,-0.4,3.0,563.1,45.785536,16.004768,45.782428,16.010475,False
17956763,Autodžada,0,NC,-1.3,7.6,591.1,45.823862,16.020511,45.819691,16.015797,False
8795419,[Oporovec] Novoselečki Put,0,NC,9.6,41.0,420.7,45.848843,16.072847,45.851463,16.076654,False
18155135,Tour of Croatia  - Zeleni val Sprint,0,NC,-0.2,1.8,686.0,45.809613,15.981595,45.80894,15.972819,False
11086524,Dotrščina drugi dio potoka,0,NC,-3.4,55.2,1596.2,45.852362,16.016969,45.842094,16.027777,False
18006345,nadvoznjak petina,0,NC,-0.3,2.1,700.8,45.762828,16.082301,45.758506,16.085836,False
5811355,cerje climb,0,NC,3.0,43.0,1431.9,45.818085,16.182989,45.828835,16.191401,False
10365485,Sesvete - Markovo Polje,0,NC,0.4,13.1,2983.4,45.827733,16.106722,45.853896,16.112567,False
28217706,TDM DRUGI SPUST,0,NC,-4.2,40.6,952.9,45.760148,16.490378,45.758193,16.501312,False
20933721,Sa Deanoveckog na Grabersko brdo,0,NC,0.9,18.6,1141.1,45.724124,16.478904,45.733162,16.477383,False
28214523,ŠUMSKI SPUST MARČA,0,NC,-8.5,36.2,427.1,45.746924,16.507868,45.743667,16.505625,False
20040132,The Two Towers,0,NC,-3.9,64.8,1667.9,45.72134,16.505048,45.722016,16.525805,False
28276583,Mae geri,0,NC,7.9,44.4,560.7,45.755475,16.472523,45.758329,16.47812,False
18570604,straight to the top,0,NC,3.5,51.4,1446.9,45.825057,16.288605,45.836675,16.295469,False
21161932,Čazma Up NoS,0,NC,3.5,33.2,939.4,45.749033,16.597678,45.748313,16.609627,False
12979397,Put u Raj,0,NC,3.6,17.2,483.8,45.741802,16.423183,45.742758,16.428947,False
14431386,El Dorado,0,NC,3.1,10.0,324.2,45.808034,16.505169,45.810804,16.5059,False
19589062,Ježevo nadvožnjak,0,NC,0.9,5.0,318.4,45.752793,16.295976,45.750181,16.296427,False
7501218,San Michele da Peteano ufficiale,2,3,6.3,208.4,3301.3,45.894021,13.540478,45.885924,13.541994,False
16208282,~Castelvecchio~,1,4,7.0,91.2,1305.0,45.876226,13.487744,45.872936,13.49844,False
8678427,Salita San Michele da Gabria,2,3,7.8,179.0,2277.1,45.894283,13.572823,45.884525,13.56288,False
2307374,san michele,1,4,7.5,108.6,1443.4,45.878461488190766,13.531993378965806,45.88604196919431,13.54165029747197,False
8251576,San Floriano climb ufficiale,2,3,3.8,174.6,4571.1,45.965829,13.616446,45.982262,13.587769,False
5318099,Miren interval,1,4,5.9,156.3,2640.6,45.885493,13.600055,45.877234,13.593741,False
7994605,Ara Pacis Medea (Official),1,4,5.1,88.4,1736.1,45.920596,13.41381,45.925612,13.434367,False
19006064,Cela SVETA !,0,NC,-15.3,300.1,1960.2,46.000881,13.653602,45.987261,13.66188,False
26232943,Škabrijelka segment,0,NC,-17.1,89.6,525.5,45.975231,13.680093,45.972756,13.679396,False
2737985,Plessiva(sud),0,NC,7.1,53.0,748.8,45.9758251067251,13.498156517744064,45.98140292800963,13.499673893675208,False
20393312,Predmeja Official,4,1,7.7,672.2,8707.4,45.91106,13.89169,45.946569,13.870208,False
855013,Potok_mio,3,2,8.3,334.8,4016.2,45.8755312,13.7315902,45.8635602,13.7188031,False
17191258,rekreači ajde zdej polwomt to solato,0,NC,1.0,9.6,600.7,45.885438,13.831952,45.887822,13.825485,False
3916358,Preserje,0,NC,5.7,71.6,1259.8,45.861918,13.784954,45.86871,13.788812,False
7663789,Batujske rajde,0,NC,3.9,24.5,614.0,45.89182,13.772176,45.893109,13.774327,False
13853982,Letališče-Vip.križ,0,NC,-0.2,5.8,1032.7,45.88645,13.889787,45.88681,13.876753,False
20852860,Col-Vodnjk,2,3,5.7,220.0,3884.6,45.881661,14.001781,45.909431,14.025567,False
7648197,Šempas climb,0,NC,3.0,45.0,1437.4,45.929663,13.741443,45.923816,13.754967,False
15872469,Čez kap,0,NC,-27.4,118.2,431.6,45.987391,14.004595,45.985148,14.008671,False
11601053,Rampa pri Peči 1.,2,3,15.8,185.0,1169.5,45.960327,13.714083,45.969134,13.709824,False
17612770,Velika Ligojna Klanec,0,NC,4.4,70.0,1590.0,45.991663,14.291036,45.997617,14.28882,False
17287158,vrhnika britof - strmica,2,3,3.8,175.8,4620.3,45.959529,14.289337,45.944769,14.246842,False
15783385,"Zombiji na pohodu, TERAJ!",0,NC,2.8,17.0,577.4,45.906623,14.201994,45.901655,14.200828,False
7379067,Infiniti-Smrečje-downtown,0,NC,-0.8,47.6,5389.7,46.003945,14.225689,45.986247,14.284486,False
23277604,Lanišče Climb,3,2,5.8,321.0,5514.1,45.894512,14.174786,45.873221,14.140086,False
14745653,Edini pravilen na LJ vrh,2,3,7.3,208.0,2858.5,45.935687,14.310563,45.931376,14.293901,False
23662318,Vrhniski klanec,0,NC,-3.7,181.2,4855.3,45.945866,14.24809,45.959956,14.293838,False
7551551,ZALA SPUST!,0,NC,-3.1,234.0,7461.8,45.963788,14.082452,45.985838,14.03529,False
15325182,Ceste,0,NC,-1.2,58.1,4373.1,45.953133,14.196028,45.927203,14.227072,False
26045944,stisni!,0,NC,4.7,14.6,303.4,45.882216,14.254778,45.879676,14.256001,False
8005853,Rakitna-celotni vzpon,3,2,5.2,515.4,9925.0,45.967376,14.413059,45.90658,14.430899,False
10714672,Pance vzpon,1,4,6.1,90.6,1463.7,45.997545,14.660785,45.988655,14.664155,False
10226130,GI vzpon,2,3,5.4,299.4,5573.7,45.930848,14.515515,45.921369,14.493528,False
13022440,Infiniti-Turjaska_Rozamunda,1,4,6.4,136.2,2126.8,45.882851,14.603006,45.877678,14.607318,False
4694744,Škofljica - Ig,0,NC,-0.1,9.7,3995.4,45.979745,14.573147,45.95468,14.538772,False
14445412,Rakitna Preserje spust,0,NC,-6.4,453.6,7058.7,45.907344,14.430807,45.953828,14.422555,False
712820,Golo Climb,3,2,6.3,380.4,6062.2,45.95471411012113,14.533295491710305,45.90920615941286,14.546706788241863,False
11681637,Pokojišče od hiše do table,3,2,11.8,395.8,3345.6,45.913132,14.36339,45.893239,14.358497,False
2654582,Repče zid,1,4,14.2,100.3,707.7,45.996689,14.62663,45.992851,14.622579,False
20518920,Podkraj - Jezero,0,NC,0.3,7.0,2324.0,45.97555,14.465423,45.971932,14.439092,False
10596696,makadam iz Krke,1,4,3.7,133.8,3647.1,45.879205,14.77581,45.897657,14.764892,False
14917378,Peščenik Treningvzpon,1,4,7.6,81.0,1070.8,45.947353,14.722807,45.950471,14.728134,False
7637547,Višnja Gora - Ivančna Gorica,0,NC,-0.6,25.6,4172.0,45.954594,14.751972,45.938519,14.79385,False
14793277,Mali vrh - efektiva,2,3,11.8,165.2,1404.4,45.999485,14.725175,46.00267,14.735391,False
17761386,Ostri vrh vzpon,2,3,6.8,187.7,2708.6,45.891078,14.696047,45.88969,14.683756,False
11813556,Stična-Mekinje climb,1,4,9.1,103.6,1137.1,45.955815,14.806612,45.963763,14.81261,False
19125183,Od Hladeta na Medvedjek,0,NC,3.3,56.8,1733.2,45.934352,14.905737,45.931076,14.922555,False
16582847,klanck čez Radohova vas,0,NC,3.5,19.4,548.6,45.946605,14.865945,45.946083,14.85906,False
21763438,klanček Muljava do Bomaxa,0,NC,0.8,5.8,693.3,45.907088,14.800545,45.901919,14.799635,False
21449912,Vzpon Čatež (D),0,NC,11.8,70.9,600.8,45.969953,14.961781,45.973454,14.959131,False
20682730,Hitrostni vzpon na Vinkel (kronometer MKG - Vinkel),2,3,5.7,258.8,4528.9,45.942206,15.144524,45.911524,15.150215,False
21053655,Stranje čez AC,0,NC,1.4,5.8,365.0,45.872557,15.301318,45.871932,15.297562,False
25145307,Draga -ravnina ,0,NC,0.0,12.0,1344.7,45.868823,15.284136,45.863379,15.268689,False
25145342,ravnina-Draga,0,NC,-0.1,6.6,1353.7,45.863325,15.268502,45.868795,15.284056,False
23958354,Gasilski dom Štatenberk - Roje,0,NC,-0.1,20.1,3484.0,45.886047,15.133834,45.885036,15.17379,False
12976093,Vrhtrebnje,2,3,5.9,262.2,4412.1,45.903912,15.003048,45.894487,15.005059,False
20010783,Kostnica -> Trebelno climb,0,NC,5.4,67.0,1240.0,45.920441,15.150563,45.911902,15.150111,False
3995707,Mala Strmca,2,3,6.8,249.8,3548.2,45.912035,15.228131,45.911799,15.196345,False
26462119,Vzpon do Nebes,2,3,6.9,317.0,4600.2,45.981511,15.115583,46.001441,15.093289,False
19090634,Škocjan - Deteljca,0,NC,-0.1,8.6,2829.7,45.905776,15.292972,45.884566,15.307368,False
6502954,Grmada,2,3,5.5,289.9,5265.0,45.95846,15.500902,45.979107,15.495213,False
20319851,Dvorce - Cerina - Žejno,1,4,4.8,112.0,2357.0,45.884218,15.61245,45.875092,15.595852,False
24849850,Do Čateža,0,NC,-0.0,1.4,1852.1,45.89175,15.577323,45.893247,15.600869,False
20943124,Velika vas klanec,0,NC,3.5,18.6,524.9,45.919647,15.457392,45.921241,15.451057,False
1728469,Climb the top of Grmada,0,NC,7.8,75.1,868.8,45.9831799,15.491451,45.9786593,15.4946449,False
25304302,TT RIMŠ - VELIKA VAS,0,NC,0.0,16.1,2516.7,45.91701,15.418477,45.921232,15.449336,False
25330096,Križaj(rondo)---> Vel.Mraševo(do vzpona),0,NC,0.1,2.4,2386.0,45.868354,15.452295,45.881658,15.476414,False
1660589,Studenec,2,3,4.4,194.0,4344.9,45.991572,15.354656,45.9708,15.347783,False
8330529,Bušeča vas- Šutna (Hupser),0,NC,3.8,67.4,1741.8,45.868676,15.519408,45.858431,15.503827,False
23253348,Artiče -Živex TT,0,NC,-4.3,45.0,1041.1,45.952652,15.583288,45.948789,15.571159,False
16405016,Sljemenska cesta spust do Šestina,0,NC,-6.4,604.9,9060.3,45.896863,15.951798,45.861388,15.948006,False
19919826,Medvedgrad kocke,0,NC,12.5,49.6,397.4,45.872639,15.939291,45.87023,15.940612,False
23521224,Cener_završnih 1km,0,NC,5.8,75.4,1082.4,45.892307,15.958809,45.898477,15.953613,False
18867209,Risnjak_K.Zdenac_spust,0,NC,-7.2,213.0,2954.3,45.885221,15.92758,45.881698,15.942092,False
4090937,Pojatno climb,0,NC,6.7,36.3,526.9,45.89629,15.796353,45.892257,15.795182,False
13172616,Jakovlje hupser,0,NC,3.3,30.8,913.9,45.919575,15.843267,45.913046,15.846934,False
21659589,Strmec Stubički,0,NC,9.5,32.0,335.5,45.955697,15.913178,45.958131,15.914916,False
19124699,dinamo up,0,NC,2.4,9.8,370.4,45.881356,15.855406,45.878771,15.852646,False
17738297,Kapele-Župelevec TT,0,NC,-1.2,44.4,3627.7,45.930419,15.677425,45.959295,15.684712,False
24657070,SE-MI Up,0,NC,2.9,10.2,357.1,45.98236,15.83829,45.979595,15.836194,False
22970810,Pinta trail,0,NC,-15.7,239.4,1521.8,45.898455,15.973806,45.889106,15.980984,False
23536227,Srki Trail,0,NC,-18.0,144.0,799.3,45.889066,15.981674,45.89044,15.989459,False
2572370,Zatvaranje sezone XC - Mark. makadam,3,2,5.2,578.5,11055.0,45.87750661,16.00517783,45.91474387,15.97561352,False
26555397,Bandolerov novi Gračanski spust,0,NC,-5.3,23.6,445.7,45.860755,15.982651,45.862496,15.987206,False
8674829,"Leustek, početni uspon",1,4,8.6,94.5,932.1,45.862948,15.973118,45.868253,15.974096,False
5222661,Sveti Matej Climb,1,4,10.4,100.5,970.5,45.939776,16.079279,45.946725,16.073807,False
9024057,Laz uspon iz M.Bistrice,2,3,3.8,227.2,5872.7,45.993648,16.118536,45.962307,16.092253,False
27700525,Dinolada Up&Down,0,NC,1.1,22.9,493.7,45.924406,16.030896,45.920946,16.03214,False
18091684,hupser,0,NC,1.9,15.8,853.1,45.88783,16.117652,45.893702,16.124697,False
9248093,bregdown,0,NC,-6.7,281.3,4172.0,45.986185,16.213665,45.973417,16.241224,False
22428728,Gostović-Tkalec TT,0,NC,0.1,7.0,5210.2,45.928146,16.445044,45.973168,16.452683,False
24852337,Veliki i Mali Raven,0,NC,1.0,24.4,1125.0,45.987917,16.472903,45.988279,16.485183,False
4165577,G. Tkalec - V. Raven TT,0,NC,1.0,30.3,2452.6,45.974356,16.452941,45.98845,16.475609,False
23911129,Kolodvorska climb,0,NC,3.9,19.8,507.8,45.879916,16.413239,45.883859,16.416413,False
4113027,Vrbovec - Kućari,0,NC,-0.5,22.7,4032.6,45.889286,16.42101,45.921299,16.436766,False
24149764,Radoišće - Zrinšćina UP,0,NC,5.3,59.8,1130.5,46.003134,16.328055,46.002743,16.341784,False
18339719,cugovec up,0,NC,1.5,9.8,519.6,45.91647,16.529996,45.913678,16.524741,False
19681861,konak-koritna ,0,NC,0.1,5.1,3681.9,45.864989,16.454168,45.864397,16.500357,False
5354503,Trema - Bukovje - Cubinec,0,NC,-0.0,53.1,3990.0,45.975578,16.584938,46.000922,16.55773,False
19875705,Rakovec-Gaj hupseri,0,NC,0.2,15.7,5612.3,45.929106,16.318553,45.897532,16.368207,False
6551242,"Castelmonte Milanese ""Salita Test Cucinotta"" senza Bucovizza",3,2,6.8,387.2,5645.7,46.059253,13.48444,46.089277,13.514584,False
13042175,Salita di Podresca,3,2,7.9,420.6,5181.5,46.089418,13.566521,46.100877,13.532993,False
1526864,"""Mezza Milanese""",2,3,6.3,177.6,2830.3,46.05246227234602,13.488149782642722,46.068591652438045,13.488905746489763,False
1305987,Castelmonte da Carraria,3,2,6.1,444.8,7300.3,46.0919292178005,13.446809984743595,46.09342974610627,13.519609495997429,False
4036517,Castelmonte via Milanese,3,2,6.6,437.8,6638.4,46.069848,13.467251,46.091326,13.51394,False
7371119,Castelmonte per S. Leonardo e Altana,3,2,7.9,397.2,5037.9,46.114509,13.534137,46.10115,13.53251,False
14184113,oleis-abbazia,0,NC,3.2,75.3,2149.6,46.015411,13.398149,46.008574,13.421236,False
17699538,PLAVE MOST ŽELEZNICA - VRHULJE ODCEP KORADA,2,3,7.1,276.6,3900.1,46.038257,13.588004,46.024442,13.575603,False
15836644,cras - cladrecis,2,3,6.6,181.4,2759.8,46.063507,13.514436,46.071881,13.491185,False
26983526,Rupa trail,0,NC,-24.5,201.6,824.1,46.149408,13.501406,46.145153,13.494553,False
15167228,"Kladje ""Franja""",3,2,6.9,438.4,6379.1,46.126471,13.991762,46.110543,14.013551,False
15742603,Postaja - Vrh,3,2,5.7,336.9,5948.3,46.146295,13.758941,46.108712,13.803651,False
18710288,Želin-Cerkno,1,4,1.9,93.5,4193.8,46.102382,13.948355,46.126454,13.985222,False
12766249,Nova cesta TT,0,NC,0.4,65.0,15437.1,46.11755,13.806462,46.109446,13.934935,False
18710309,Sp. Idrija- Straža,0,NC,-0.5,89.1,11432.9,46.033078,14.021003,46.102073,13.948675,False
3595155,Razpotje 1 Climb,2,3,7.0,263.2,3738.3,46.02313147857785,13.985165879130363,46.01009535603225,13.99807434529066,False
15083070,Češnjice cik cak,0,NC,11.1,69.0,477.4,46.008725,14.00828,46.004678,14.008378,False
21742742,Pod Korito - Krivec,0,NC,0.5,6.2,1020.7,46.097145,13.841366,46.099992,13.853759,False
12271819,Stopnik,0,NC,-1.9,20.0,1025.9,46.090563,13.892527,46.094829,13.882885,False
21284398,Trebušca-Zadružni dom G.Trebuša,0,NC,7.8,80.0,1025.0,46.026016,13.833076,46.027849,13.841771,False
9470670,Vzpon-Vrzdenec,3,2,4.1,323.0,7919.9,46.019347,14.270398,46.050438,14.201555,False
20056184,Zaklanec s položne strani,1,4,2.1,83.2,3805.7,46.05866,14.342513,46.031941,14.319127,False
14269898,zaklanec up,1,4,4.8,80.6,1690.1,46.023719,14.31487,46.033109,14.318952,False
9370174,Odcep Žažar - odcep Šentjošt,2,3,6.5,184.2,2834.1,46.007882,14.224957,46.022559,14.208134,False
20690743,Mala Franja (Suhi dol vzpon)*,2,3,4.4,166.6,3771.9,46.033153,14.235851,46.050184,14.201516,False
4654882,Gorenja Vas - Suhi dol,2,3,2.7,258.8,9675.3,46.103301,14.145391,46.050079,14.201815,False
14538127,Črni Vrh do table,2,3,7.0,246.7,3512.2,46.069128,14.273046,46.080191,14.275578,False
5292470,Sv. Peter Climb,2,3,10.8,213.4,1969.8,46.144763,14.278398,46.135168,14.280215,False
7169866,Ovinek - Lučine (črta cilj),1,4,7.4,143.2,1938.1,46.068808,14.17772,46.064645,14.191695,False
7091024,Ledinsko razpotje,3,2,8.7,383.0,4410.2,46.021295,14.029702,46.028287,14.047648,False
5311484,Pečar,2,3,5.9,165.2,2787.6,46.036973,14.614457,46.04004,14.640017,False
765239,Toško Čelo,1,4,10.9,151.8,1398.0,46.079099625349045,14.430620279163122,46.083804136142135,14.419293813407421,False
1159458,Pečar Iz Besnice,1,4,6.9,115.1,1670.7,46.036973,14.649679,46.040144,14.640134,False
765129,Rašica - test,1,4,5.9,106.6,1796.1,46.126726269721985,14.50045209378004,46.135841673240066,14.50977461412549,False
1251037,Ljubljana Castle,0,NC,3.5,46.0,911.0,46.047575626932634,14.513527185313112,46.04760674468022,14.51051695362676,False
2433083,Katarina-vzpon,2,3,9.7,303.2,3115.5,46.08043813146651,14.382235491648316,46.091289510950446,14.369299449026585,False
23671996,Črno rt je imela  ( Črnuče Trails ),0,NC,-9.2,107.5,1158.6,46.120541,14.532437,46.125792,14.537825,False
738133,Katarina - S,2,3,4.1,313.4,7609.6,46.14188284613192,14.37665356323123,46.09323997981846,14.369961619377136,False
8204057,Ob Šmarni climb,0,NC,2.7,34.3,1277.0,46.122606,14.445859,46.133555,14.443656,False
27798974,Heaven trail,0,NC,-11.5,93.2,799.6,46.016567,14.563255,46.01498,14.558824,False
2749347,"Trebeljevo climb, klasika",2,3,5.7,251.5,4306.4,46.02788871154189,14.760849410668015,46.02078756317496,14.740917077288032,False
15201530,Janče iz Besnice (križišče - križišče),3,2,8.6,373.4,4366.1,46.033493,14.688893,46.052079,14.71097,False
17300832,Bogenšperk Climb from Dolenjska ,1,4,6.5,118.0,1804.0,46.005055,14.869163,46.01347,14.859245,False
21152461,Bogenšperk climb (Črni potok -kapelca),2,3,5.6,231.8,4151.2,46.033789,14.844755,46.01382,14.859031,False
13098106,Zavrstnik - Trebeljevo,2,3,3.0,317.1,10100.9,46.046066,14.821069,46.020928,14.741559,False
12873788,Sp. Hotič-Vače/Slivna,3,2,6.0,340.0,5661.3,46.092288,14.827112,46.120495,14.827935,False
2129243,Velika Preska (do mizarstva Kos),3,2,5.9,345.4,5671.5,46.02434727,14.93870955,46.044314926,14.96073882,False
4786352,Vzpon na Zasavsko Sv. goro - zadnjih 250m,0,NC,20.0,43.1,213.5,46.127478,14.899963,46.128741,14.898358,False
17306240,"Za pičke, dnar pa slavo :)",0,NC,-1.4,8.0,563.0,46.13855,14.990407,46.134272,14.993825,False
22139702,Osredke 20%,1,4,15.5,82.9,533.4,46.11246,14.686016,46.11614,14.687236,False
5367344,Čelovnik Climb,3,2,15.2,404.2,2662.2,46.069621,15.185529,46.072475,15.207098,False
2362475,trbovlje-kum climb,5,HC,9.9,951.1,9385.9,46.12488472368568,15.036981906741858,46.08849251177162,15.073073459789157,False
6878366,podkum iz sopote,2,3,6.4,182.2,2835.4,46.060691,15.038654,46.069698,15.034217,False
8029259,podkum climb,3,2,6.8,480.8,7076.9,46.112277,14.999231,46.070603,15.030321,False
10623512,Lahomno (Max 28%),1,4,16.7,156.2,937.5,46.14206,15.260478,46.14553,15.261967,False
4105520,Na Lisco,4,1,7.5,668.2,8934.6,46.05162,15.243953,46.06806,15.28718,False
5712706, Sevnica - Mastnak,0,NC,1.7,85.0,3754.3,46.017675,15.302497,46.045723,15.293561,False
15284917,most2most (Hrastnik - Trbovlje),0,NC,0.1,9.8,4499.4,46.121494,15.089644,46.125654,15.037625,False
21466043,Zasavska selekcija.,2,3,5.4,161.0,2999.6,46.070461,15.103236,46.067866,15.070767,False
25769105,Marno - zadnji klanec,1,4,6.2,96.7,1566.1,46.139573,15.122312,46.140364,15.141131,False
2291452,Bohor,4,1,6.0,651.8,10813.2,46.02121453732252,15.472733248025179,46.06476246379316,15.453321430832148,False
16900762,Trebče climb,0,NC,7.5,66.6,879.0,46.038754,15.616637,46.042544,15.624044,False
11831716,Bohor,3,2,9.3,540.2,5806.4,46.047802,15.458573,46.064011,15.453654,False
24367343,CLIMB - VIRŠTANJ,0,NC,5.9,20.2,336.3,46.122586,15.552226,46.124578,15.555604,False
4165472,Hrastje,0,NC,8.2,52.2,633.4,46.142735,15.471814,46.144272,15.466665,False
23960424,SREBRNIK - D,0,NC,-0.8,55.6,6691.5,46.076485,15.637573,46.120106,15.598848,False
4985118,Žegar 1. del (Lesično - Lopaca),2,3,4.3,164.6,3834.0,46.110616,15.502964,46.128223,15.480434,False
24765549,Sv. Jedrt - Kerinov spomenik,1,4,13.5,156.9,1156.8,46.005928,15.62348,46.015344,15.624603,False
13109740,Pečice - Križe,1,4,4.9,92.3,1895.0,46.00567,15.571866,46.013542,15.557849,False
20752833,Kračica Uphill,1,4,13.0,137.9,1058.7,46.073087,15.538729,46.06647,15.531945,False
4252587,Hršak Breg,0,NC,5.1,63.5,1196.6,46.103636,15.840525,46.104721,15.850115,False
10294426,Klanjec (zapadni uspon),1,4,6.5,82.2,1261.8,46.047022,15.733562,46.050695,15.744243,False
2719871,Bizeljska vas,1,4,3.9,109.6,2796.0,46.0264272429049,15.684866225346923,46.04638937395066,15.682007493451238,False
7721386,Martinišće climb (S-N),0,NC,3.2,28.7,903.7,46.033927,15.857177,46.041609,15.85941,False
14225214,Kumrovec - Zelenjak,0,NC,-0.1,12.9,3554.6,46.075585,15.681588,46.060071,15.713556,False
7721121,Mirkovec climb,0,NC,4.6,46.4,1019.4,46.063392,15.925533,46.05919,15.934308,False
26466661,Požarkovec uspon,0,NC,9.8,74.6,758.5,46.024589,15.78771,46.027308,15.779777,False
15606329,Tuheljske Krapinske climb,0,NC,6.3,59.4,944.7,46.068855,15.793115,46.07268,15.794285,False
12910293,bistrica ob sotli-sv. gore,1,4,6.6,135.3,1628.4,46.052017,15.663965,46.046364,15.681927,False
9769846,Gornja Šemnica Up,0,NC,3.5,66.2,1567.1,46.142232,15.940098,46.14925,15.951872,False
14770844,Zl. Bistrica - Tugonica,0,NC,0.1,14.4,3105.8,46.050065,16.085159,46.027808,16.099723,False
25945692,Budinšćina hupser,0,NC,0.8,14.8,1557.2,46.110863,16.199264,46.124503,16.201796,False
23070249,Gusakovec climb,0,NC,3.0,31.0,1020.0,46.00512,16.046923,46.00823,16.057578,False
9922543,Špičkovina-Bedex,0,NC,0.2,4.3,1834.2,46.030567,15.966949,46.040823,15.984176,False
14636006,Galovec - Konjščina,0,NC,-0.9,18.6,2160.1,46.071236,16.191404,46.055132,16.177777,False
13674351,Poljanica Bistr Climb,1,4,3.3,82.2,2484.3,46.005599,16.119404,46.023291,16.134781,False
14847725,Mače-Zlatar,0,NC,0.4,32.4,3810.2,46.093293,16.043446,46.093072,16.076405,False
3853515,Ul.Bedenica Climb ,0,NC,3.3,16.5,499.9,46.03297307679616,16.253016058348855,46.033814918566065,16.246888190954525,False
7721237,Lepa Ves climb (NE-SW),0,NC,4.2,27.0,647.3,46.02546,15.998393,46.021075,15.99457,False
20071334,Žitomir - Globočec up,0,NC,9.4,68.2,723.9,46.018011,16.183309,46.015839,16.178723,False
21491656,Kipišće climb,1,4,4.2,159.4,3836.9,46.140093,16.359663,46.117522,16.35512,False
17530447,Kalnik final ramps from intersection to pl. Dom,1,4,10.4,87.8,842.3,46.126858,16.461744,46.132507,16.463481,False
10630104,Vratno - planinarac,2,3,5.0,242.6,4855.9,46.129642,16.509406,46.132574,16.463419,False
3678943,Čanjevo ulica Climb,1,4,6.4,144.2,2258.8,46.094631666666665,16.330366666666666,46.11217166666667,16.326931666666667,False
10635325,Sudovec climb - cijeli,1,4,4.7,122.8,2606.4,46.105224,16.361415,46.117191,16.355182,False
20537907,Paka lagani uphill,0,NC,1.6,25.7,1559.6,46.13024,16.330253,46.143297,16.326778,False
19984767,Markovićeva GG prema centru,0,NC,-0.1,2.3,690.2,46.039189,16.539744,46.033269,16.541424,False
21706453,Zibrinovec Uphill Sprint,0,NC,7.0,22.2,316.4,46.09104,16.519666,46.092898,16.5166,False
15238990,Gornja Rijeka - hupser,0,NC,5.3,18.8,357.1,46.103237,16.395007,46.102924,16.399565,False
4397026,Ivanec - V. Potočec blagi uspon,0,NC,2.5,40.5,1573.9,46.070237,16.573232,46.05722,16.571872,False
17537608,Passo Glevizza,5,HC,8.3,807.0,9697.0,46.182407,13.477882,46.193335,13.510347,False
5141863,Bocchetta sant antonio - madonnina dom,1,4,6.0,152.6,2558.9,46.180729,13.394144,46.169734,13.411034,False
11914044,Cronoscalata Savogna - Montemaggiore,4,1,9.2,720.8,7826.7,46.161871,13.534918,46.194946,13.530441,False
1430285,Passo S.Martino,2,3,7.0,192.4,2692.7,46.17766195,13.57438327,46.1658546,13.57539524,False
24192809,Mersino fino a Montemaggiore,2,3,2.8,230.4,5863.2,46.198738,13.495113,46.194351,13.533403,False
24214580,Penny Trail,0,NC,-20.4,156.2,761.2,46.1596,13.456846,46.161109,13.461621,False
4896066,monte major - pelizzo,3,2,9.8,323.9,3275.7,46.196244,13.528285,46.20298,13.539678,False
25701146,Napoleon - Ročica,0,NC,-0.4,13.2,2087.2,46.248144,13.586359,46.23695,13.606066,False
14356901,Panoramica Drenchia DH,0,NC,-6.4,559.0,8646.9,46.180792,13.65271,46.15624,13.59454,False
11913872,Salita Valle parte dura ( da Grivò),1,4,10.3,104.6,1016.7,46.15771,13.381641,46.159177,13.392214,False
2149365,Soriška planina - Bohinj,4,1,6.0,717.6,11909.1,46.270787,13.960935,46.240594,14.011043,False
7209642,Kozaršče,1,4,4.5,87.0,1938.6,46.154176,13.740299,46.163325,13.729317,False
13087472,Tminsk klanc,0,NC,4.2,9.8,234.6,46.18398,13.740885,46.181955,13.740191,False
9815861,SPUST SORIŠKA PLANINA,0,NC,-6.4,726.0,11406.5,46.243209,14.007749,46.270914,13.961186,False
12402657,Ribčev Laz-Bohinjska Bistrica,0,NC,-0.5,37.0,5496.6,46.275999,13.889538,46.273336,13.94908,False
10273253,Volče climb,0,NC,3.7,17.8,485.8,46.173051,13.708061,46.171138,13.70846,False
18020231,Zgornja Sorica,2,3,9.5,162.4,1710.1,46.233365,14.024347,46.237675,14.021438,False
21546187,Ukanc Sprint,0,NC,1.9,10.7,523.5,46.280215,13.845369,46.278832,13.8389,False
7441808,Kneža - Ljubinj climb,2,3,2.9,182.5,5755.8,46.161768,13.826471,46.168246,13.772748,False
21545133,Zgornji del,3,2,8.6,336.8,3900.8,46.27413,14.021627,46.246644,14.005564,False
23073077,Vzpon Nace,3,2,5.6,387.0,6902.0,46.155779,14.291099,46.167562,14.253941,False
20689458,Sorica,2,3,8.5,223.6,2629.5,46.211243,14.058887,46.213055,14.03998,False
14291259,Dražgoše,2,3,8.2,315.2,3836.4,46.245093,14.166772,46.252023,14.177495,False
14423488,Kropa-Jamnik (Osrednji del),2,3,8.8,285.4,3250.5,46.28964,14.201908,46.281427,14.206105,False
4607355,Križna gora (do Boštjana),2,3,9.8,270.8,2756.9,46.188915,14.291613,46.197575,14.275372,False
14350655,Vzpon na Jamnik,3,2,7.8,331.8,4259.9,46.259072,14.22085,46.268218,14.206647,False
15343161,Strmica,2,3,7.1,197.2,2779.8,46.226601,14.271136,46.230913,14.284485,False
21092689,Breznica makedamski vzpon,1,4,6.7,84.0,1246.2,46.169433,14.250035,46.166169,14.237295,False
10417799,Zali Log - Torka klanec,3,2,11.8,614.4,5211.2,46.209521,14.076992,46.230816,14.080721,False
2190919,Šmarjetna gora po cesti,2,3,11.5,231.1,1915.3,46.23921990961425,14.346750048993623,46.24366575273452,14.336170620143225,False
10207221,Grad-Ravne,2,3,10.2,199.0,1955.5,46.2652,14.494269,46.262497,14.515893,False
25599367,1/2 Everesting na Ambrožu,1,4,10.0,100.9,1012.4,46.277969,14.519305,46.275254,14.531194,False
5282507,Mozjanca,2,3,10.0,199.6,1998.6,46.295845,14.430073,46.293868,14.449862,False
14988320,Mengeška,1,4,11.0,105.6,960.8,46.166902,14.5692,46.16555,14.561321,False
14307075,Golf w@nkers,0,NC,4.1,20.2,496.5,46.15034,14.446039,46.154581,14.445307,False
20849833,Stari grad od ciriusa,2,3,10.1,181.6,1790.1,46.218105,14.612887,46.213512,14.623078,False
15715850,Sidraž ,1,4,8.5,84.6,998.2,46.260733,14.570403,46.259878,14.564242,False
13201044,Nadvoz v Vodice,0,NC,0.6,5.0,508.4,46.182483,14.47827,46.184626,14.484066,False
14592258,Jelenov klanec%,0,NC,5.9,28.6,483.3,46.238296,14.353623,46.241941,14.355694,False
24989532,TRISPORT FINISH 2020,0,NC,-0.8,3.8,307.2,46.217948,14.525364,46.215517,14.524899,False
7894887,Lipa,3,2,6.6,334.4,5091.0,46.28033,14.888031,46.261538,14.893846,False
14555458,Krivčevo (ovinek) - Črnivec,2,3,5.6,232.4,4162.2,46.260263,14.675832,46.260453,14.701924,False
11759100,Lipa climb,3,2,7.2,369.8,5123.1,46.243202,14.943468,46.261452,14.893865,False
17957930,Izlake - Trojane,2,3,4.5,243.0,5396.0,46.156377,14.929147,46.188458,14.897993,False
12592161,Trojane climb,0,NC,5.8,76.3,1264.0,46.183114,14.857796,46.184003,14.86987,False
6814576,Trojane iz Zagorja,2,3,7.3,182.1,2350.6,46.17641,14.904541,46.188503,14.897919,False
14317365,Trojane 2x climb,1,4,3.4,132.0,3905.3,46.208933,14.911185,46.188457,14.884182,False
21235335,Podlom Utrip,2,3,5.7,270.0,4697.4,46.276868,14.754966,46.266712,14.711863,False
15745026,Kozjak,0,NC,8.6,74.0,865.2,46.216293,14.79416,46.215162,14.805034,False
13181090,Brdo pri Lukovici-Preserje pri Zlatem Polju,1,4,4.7,163.7,3186.3,46.16946,14.68448,46.1929,14.696659,False
774038,Vzpon na šmohor,3,2,8.2,469.6,5761.8,46.16541679948568,15.215234141796827,46.181945241987705,15.188375087454915,False
14991623,Celjska koca II,3,2,6.8,437.3,6173.1,46.208323,15.259492,46.193897,15.272366,False
15017190,Climb Marija Reka - Podmeja,3,2,4.7,421.1,8988.5,46.225832,15.100343,46.186293,15.061843,False
20392696,Lovska,0,NC,-30.4,172.0,559.6,46.163553,15.022039,46.161065,15.018797,False
6772897,Jagoče-Požnica,3,2,6.5,407.7,6261.0,46.172545,15.240802,46.187923,15.291718,False
17782887,Podmeja do 1 km pod vrhom,2,3,6.7,258.4,3854.7,46.199829,15.073033,46.190082,15.060248,False
16436245,galicijacico,0,NC,6.9,24.0,348.4,46.286588,15.202737,46.286058,15.198538,False
25437671,Dej dej Opus dej dej,0,NC,0.5,13.5,2183.3,46.283936,15.107114,46.285222,15.081677,False
12498517,šmohor štajg =),0,NC,16.6,58.4,351.4,46.18735,15.161302,46.185698,15.158936,False
25841637,Ostrožno -> Lidl,0,NC,0.3,1.8,500.7,46.248379,15.253492,46.250139,15.259151,False
20854823,VZPON NA BOČ,3,2,9.6,392.8,4072.5,46.263757,15.589721,46.281475,15.596054,False
13166673,Šentjur - Šentrupert,2,3,3.5,301.8,8601.9,46.20683,15.393703,46.167326,15.350511,False
4216125,l. dom boc,3,2,7.7,414.7,5135.0,46.254774,15.632622,46.277524,15.632519,False
1931939,Šentrupert 46 48 Climb,2,3,7.6,169.8,2241.8,46.1711887,15.3697597,46.1728116,15.3597172,False
27723533,ŠP torkova obvoz Loka-Dobrina,0,NC,0.0,209.4,54104.8,46.202382,15.420658,46.202434,15.420712,False
21528038,Sotensko,1,4,8.2,144.5,1771.9,46.187527,15.39413,46.190962,15.377395,False
20796546,dp72pump,0,NC,-13.4,70.0,516.0,46.194054,15.351581,46.198072,15.35392,False
7909950,Svetelka climb,1,4,2.3,109.1,4540.5,46.270888,15.334585,46.280049,15.378515,False
18806555,Loka pri Žusmu vzpon,0,NC,5.9,66.2,1114.0,46.158062,15.512997,46.15314,15.501572,False
27228237,Druga brana sprint,0,NC,4.7,14.9,319.8,46.168991,15.610448,46.170455,15.612619,False
10763881,Col d'Žerak,1,4,5.9,140.8,2395.1,46.251274,15.731471,46.258711,15.759069,False
9896973,Trski vrh - uspon,0,NC,15.9,79.7,500.0,46.161425,15.876458,46.163758,15.881653,False
8409709,Stoperce Climb,1,4,6.1,81.8,1339.1,46.278721,15.709666,46.267514,15.712616,False
24342325,CLIMB - ŽERAK,0,NC,9.1,66.4,724.1,46.255301,15.752159,46.259169,15.759294,False
18327451,Trakošćan Climb,0,NC,7.3,56.8,772.8,46.259565,15.946146,46.264871,15.94323,False
4558493,Čermožiše Climb,1,4,5.6,99.2,1775.9,46.275426,15.787558,46.279157,15.770775,False
23107796,Gornji Macelj up,0,NC,2.9,24.0,827.9,46.262393,15.869241,46.259427,15.860379,False
20084164,Sopot hupser,0,NC,5.0,34.8,588.7,46.158333,15.739225,46.157986,15.746127,False
17590327,Lastine climb,1,4,3.7,121.1,3289.1,46.210806,15.64734,46.211657,15.685881,False
15720565,Brezovica ( uspon do vrha),1,4,14.3,123.2,860.5,46.182611,15.830187,46.18573,15.838986,False
11882788,Belski dol (climb) precise GPS,1,4,3.8,158.2,4124.3,46.206005,16.253291,46.172876,16.250298,False
4353007,Uspon na Ivanščicu 10 km,4,1,6.6,654.2,9909.9,46.199735,16.134581,46.18255,16.123955,False
24385628,Radovan - Pece (spust),0,NC,-2.1,30.8,1491.6,46.228163,16.242287,46.21779,16.24156,False
21804623,Lepoglava - Ivanec ,0,NC,-0.2,14.8,3756.3,46.219418,16.071225,46.226063,16.114115,False
4881862,Podrute climb (od crkve)  ,1,4,5.1,120.1,2329.5,46.156686,16.258155,46.173083,16.25063,False
22331950,Cerje Nebojse-Greda kružni tok,0,NC,-0.5,39.4,5244.7,46.244565,16.175096,46.279514,16.207126,False
13177565,Flamme Rouge,0,NC,-0.2,2.3,1021.2,46.266408,16.253017,46.275239,16.255594,False
4574663,Ravna Gora uspon od Žarovnice,3,2,6.1,406.4,6462.1,46.263645,16.029202,46.26958,15.988215,False
21652548,Golubovec Climb,0,NC,2.6,35.2,1363.6,46.174156,15.983757,46.171165,15.99943,False
21988409,Fotez breg_climb_north,0,NC,8.8,32.0,353.7,46.282039,16.109254,46.279076,16.10913,False
8004326,Toplice climb,1,4,5.4,103.3,1914.2,46.210798,16.426858,46.218962,16.415442,False
18806516,GK to Jalžabet,0,NC,-0.1,20.8,6542.9,46.247462,16.387612,46.259727,16.466082,False
4102040,Vrtlinovec..spust,0,NC,-3.2,95.2,2865.8,46.227382,16.399675,46.245756,16.386155,False
24969766,HUPSER You can do it,0,NC,4.0,14.4,363.9,46.216008,16.301588,46.214724,16.305339,False
17372361,Apatovec full,0,NC,7.5,78.4,1001.1,46.151735,16.600127,46.152419,16.58945,False
22971028,Gabrinovec - Slanje spust,0,NC,-7.2,144.2,1990.7,46.184791,16.533232,46.199084,16.539372,False
24781109,Novi Marof - Presečno most,0,NC,0.1,5.4,2881.4,46.169105,16.3366,46.193663,16.34598,False
19780667,Izlaz iz Varaždina - sprint,0,NC,-0.0,3.7,2859.6,46.28863,16.345759,46.264274,16.357453,False
12964498,Vinograd Ludbreški climb,0,NC,5.5,56.2,998.5,46.239751,16.574418,46.238612,16.584914,False
15268983,Čičkovina,0,NC,0.1,5.1,2963.2,46.28532,16.536567,46.2888,16.501876,False
7482117,Mangart,5,HC,8.8,947.0,10180.3,46.423237,13.593927,46.441338,13.642385,False
14389357,aVALANCHA,0,NC,-19.1,229.0,1198.7,46.322177,13.580203,46.329249,13.578628,False
7682211,Predel ITA ,2,3,8.3,193.2,2341.1,46.426582,13.569517,46.418522,13.577586,False
17728623,Sella climb,3,2,7.6,467.6,6193.2,46.394896,13.43542,46.389753,13.473066,False
21519039,Boka sprint,0,NC,1.4,7.6,431.7,46.317462,13.496825,46.316834,13.493643,False
20987605,Hotel Sola to Mangartsko sedlo Climb,5,HC,10.3,1115.0,10840.8,46.407134,13.603505,46.43859,13.635584,False
12551316,Mangart Saddle Loop,0,NC,0.3,66.0,1693.4,46.441279,13.64237,46.441287,13.641954,False
25443601,Koritnica kik,0,NC,5.9,40.2,686.5,46.370968,13.584876,46.365757,13.588605,False
10261188,"Montasio, steep part",2,3,11.9,278.4,2330.7,46.391367,13.471947,46.402966,13.452857,False
24566277,Šprint do Koca,0,NC,1.1,5.2,483.2,46.348487,13.690209,46.351957,13.693919,False
17555333,Kamp Triglav - Vršič,5,HC,7.0,1019.8,14518.0,46.374663,13.74091,46.433005,13.743449,False
18918447,Vršič--Trenta,0,NC,-7.3,938.8,12830.4,46.432768,13.743506,46.380651,13.751297,False
25036703,metoja gass,0,NC,-2.7,45.0,1501.5,46.38037,13.751252,46.373225,13.736802,False
13314940,Vrisic Climb ,4,1,9.4,794.1,8454.7,46.405877,13.740187,46.432497,13.743997,False
5476525,Koprivnik v Bohinju Climb,1,4,8.6,85.2,995.0,46.307534,13.979609,46.314512,13.97637,False
14902915,Hupser 18% Zg. Radovna - Mojstrana,0,NC,12.1,58.6,484.9,46.431769,13.935652,46.433613,13.930731,False
18307915,Triglavska Cesta 25% - Road Sign to Road Sign,1,4,10.1,156.0,1542.5,46.437083,13.891578,46.430687,13.876103,False
21524311,Flat Part,0,NC,1.2,34.4,2851.3,46.349759,13.993197,46.341706,13.96189,False
4169833,Stara Fužina Climb,1,4,13.6,80.1,589.0,46.303568,13.88266,46.308252,13.881829,False
25137076,"Glavo dol, pa prtisn do vrha",0,NC,4.3,22.0,506.0,46.35095,13.93276,46.348987,13.926999,False
20331403,Bistrica Brezje Climb,1,4,6.8,134.8,1989.0,46.357338,14.292343,46.359132,14.279128,False
18255722,Lancovo climb,0,NC,4.9,60.8,1240.4,46.338284,14.162698,46.331688,14.169455,False
9517620,Posavc - Podbrezje,0,NC,4.5,68.4,1530.9,46.302773,14.26154,46.298011,14.268825,False
20087790,Senično,0,NC,7.8,49.0,626.6,46.327366,14.321428,46.331636,14.317872,False
18227143,Kočna strmina,0,NC,9.1,70.2,774.3,46.414761,14.089249,46.418233,14.083188,False
20010287,Odcep Draga - Bistrica pri Tržiču,0,NC,-0.5,121.4,7955.0,46.380299,14.214629,46.356048,14.288888,False
12292251,Betinov klanec (kolesarska steza),0,NC,6.4,35.4,549.1,46.36726,14.131391,46.367035,14.124693,False
21023896,Moste sprint,0,NC,1.0,3.9,349.2,46.409207,14.13351,46.410901,14.129847,False
2251129,Dobrča classic,5,HC,10.3,858.2,8236.9,46.36097288,14.24461779,46.37686138,14.24634231,False
20201798,Zatrnik_,2,3,10.0,206.8,2065.1,46.371234,14.054657,46.374869,14.036146,False
5867566,Sv. Jakob po makedamu,3,2,8.9,418.0,4691.7,46.305847,14.432061,46.315223,14.442457,False
15426488,ROGLIC  SPRINT,0,NC,10.0,41.6,417.4,46.31241,14.384454,46.312822,14.387865,False
17920673,Preddvor - Zg. Jezersko,3,2,2.2,407.4,18512.3,46.301891,14.437545,46.393508,14.499828,False
12273576,jezerski vrh,3,2,5.1,438.2,8642.6,46.3894,14.48313,46.418784,14.52692,False
7834410,Bašelj hupserček,0,NC,3.1,9.5,228.8,46.31493,14.40103,46.314409,14.399064,False
14195358,Bela-Bašelj,1,4,3.5,94.6,2671.1,46.299558,14.408867,46.314457,14.397775,False
15316189,Paulitschsattel Teilsegment,3,2,10.8,432.0,4005.5,46.419701,14.55127,46.418624,14.569926,False
20763731,Šprint mimo gondole,0,NC,3.7,18.2,480.5,46.304308,14.60881,46.308373,14.608154,False
10196490,Jezero-Tupaliče (odcep Preddvor),0,NC,-2.0,411.0,20454.3,46.404012,14.509006,46.299613,14.429067,False
9657401,Paulitschsattel -Slowenische Seite,3,2,8.5,556.0,6545.3,46.417545,14.63693,46.42506,14.584982,False
10452809,Brezje to Golte climb cat. HC,5,HC,7.2,979.0,13638.6,46.352767,14.946351,46.371658,14.90086,False
16551640,Borseka climb,3,2,9.4,492.9,5169.0,46.33642,14.912095,46.349286,14.901872,False
21891206,Mozirje - odcep Gorenje,0,NC,-0.4,9.8,1769.9,46.339588,14.972209,46.334914,14.993233,False
12452117,Sleme zadnja 2km,1,4,5.6,105.4,1867.4,46.431205,14.971474,46.440343,14.963724,False
24981733,Lepa Njiva - strmi del,0,NC,5.8,59.1,1015.4,46.386099,14.987375,46.378738,14.984585,False
23670496,Vzpon Smučišče - Nadlučnik,2,3,10.0,217.4,2168.8,46.365951,14.734857,46.362712,14.746427,False
10370450,Solčava-Luče,0,NC,-1.3,117.0,9242.7,46.41975,14.693263,46.354814,14.74466,False
22483785,Sedlo spust,0,NC,-11.4,113.4,995.0,46.358416,14.824032,46.350688,14.826837,False
20078544,Speed,0,NC,-3.7,34.0,908.3,46.311032,14.839342,46.316722,14.847694,False
12007929,Korošica,3,2,9.3,528.1,5682.7,46.323766,14.713269,46.333513,14.694231,False
23649557,Sosedov-borovnice,0,NC,-21.7,69.2,318.3,46.299113,15.227367,46.296769,15.22645,False
26826787,Borovničev štrudl enduro Mini,0,NC,0.6,84.6,1057.2,46.296644,15.225287,46.296881,15.22672,False
4709791,G.KLANEC ,0,NC,7.3,56.8,780.8,46.344387,15.006785,46.33945,15.003966,False
21093435,Zadnji vzpon Vrh Gora Oljka,0,NC,8.7,79.6,910.2,46.325141,15.062082,46.325778,15.058611,False
12758349,dolic - vrh klanca,1,4,2.5,135.0,5423.7,46.423755,15.188853,46.409494,15.251934,False
6577937,Spodnji Dolič Climb,1,4,6.6,125.4,1901.8,46.40646,15.266856,46.409425,15.252278,False
1745903,Vzpon na Kozjak,3,2,8.0,495.3,6158.8,46.38547,15.16169,46.38427,15.18835,False
21424578,Tabla Arnače - ''prelaz'' Kavče,0,NC,2.8,32.0,1126.5,46.342511,15.113905,46.348597,15.108691,False
25969389,Deponija-Šoštanj,0,NC,-0.5,8.5,1717.1,46.373241,15.072688,46.375967,15.051615,False
15798862,Selce-Climb,0,NC,5.8,29.4,506.8,46.361186,15.277689,46.364949,15.280546,False
1699434,Urh 12 Climb,1,4,7.6,88.0,1150.9,46.425331234931946,15.503173470497131,46.43021821975708,15.504927635192871,False
7840162,Na Pema,0,NC,4.4,99.6,1789.0,46.386365,15.49339,46.383231,15.474198,False
9781095,Devina-Preb1,3,2,7.7,428.4,5508.3,46.411957,15.57096,46.440382,15.544582,False
15927023,Volčnica-Tinje,2,3,6.8,288.6,4216.1,46.39548,15.537193,46.415048,15.503197,False
2494227,Konjiška Vas - Kamna Gora,3,2,4.9,372.7,7660.7,46.322662691501215,15.449080740223959,46.32555806974472,15.395283829159656,False
17330422,Črešnjevec hupser,0,NC,5.0,19.6,389.4,46.365971,15.623581,46.367161,15.619697,False
27690134,Koštrunska Strade Bianche,3,2,3.4,597.2,17713.5,46.430402,15.604563,46.429514,15.505764,False
27845073,Loče-Sp. Grušovje krono KK Rogla 2021,0,NC,1.1,76.0,6255.1,46.301964,15.496679,46.348917,15.502271,False
9610841,Ahči Apce Na Cisti,3,2,5.5,342.8,6185.0,46.388621,15.446057,46.411296,15.45511,False
20908323,Boč začetek strmi del,0,NC,9.5,61.2,642.4,46.30131,15.58042,46.297298,15.583601,False
21424495,Ptujska Gora,0,NC,5.6,54.6,981.7,46.360687,15.759179,46.356071,15.756435,False
25436254,Kozminci - Suha veja (10 rodojev),0,NC,-0.2,25.4,11305.6,46.301148,15.852711,46.389008,15.869169,False
19101061,Jelovice (Bolfenk),2,3,6.4,274.2,4279.7,46.330278,15.755127,46.313251,15.750277,False
5771264,Janški Vrh - klasika,2,3,12.0,205.8,1721.7,46.342878,15.78382,46.335258,15.792124,False
1022113,ptujska gora,0,NC,6.0,56.4,943.9,46.351666040718555,15.735110118985176,46.35520840063691,15.742305312305689,False
11988834, KOŠTRUNI Time Trail - OBRAT,0,NC,0.0,14.0,7997.1,46.358801,15.690286,46.358791,15.690216,False
9501246,Šturmovec,0,NC,0.2,8.2,3026.2,46.370882,15.904567,46.387809,15.925208,False
24250947,Majski vrh - special edition #kolenogriz,1,4,16.6,90.6,547.4,46.35429,15.874763,46.354198,15.880177,False
13013365,Cankarjeva,0,NC,3.4,5.6,166.0,46.418481,15.868255,46.419863,15.868631,False
12592810,Zakl-RodniVrh,1,4,3.5,133.6,3828.4,46.316867,15.866631,46.327112,15.830968,False
4777300,Pristava - Mali Okic,0,NC,7.3,66.6,911.0,46.334624,15.973032,46.336155,15.9654,False
24536112,Florjan GC,1,4,6.0,141.6,2378.1,46.322916,16.008381,46.325563,16.025319,False
26103517,Cirkulane,0,NC,4.3,27.5,574.8,46.346615,16.000924,46.344189,15.994711,False
18710999,Brezovec Climb,1,4,6.3,96.0,1529.5,46.358543,16.000277,46.35871,16.015423,False
11899588,nova ves-majerje,0,NC,-0.0,6.0,2196.1,46.323137,16.232669,46.341148,16.242663,False
9803316,Vinica Breg (do table za Lovrečan),1,4,3.3,99.8,2971.3,46.340155,16.148305,46.342412,16.117357,False
14857959,Moškanjci (ob železnici),0,NC,-0.1,2.8,1366.3,46.423865,15.979497,46.424027,15.996315,False
25948435,Gajevci to Kanal,0,NC,1.8,15.8,865.9,46.396162,16.014152,46.403823,16.013486,False
23942689,Križovljangrad reverse,0,NC,-0.2,8.4,4240.1,46.376563,16.100903,46.399752,16.14078,False
10004243,Lešniška cesta,0,NC,3.5,17.0,479.2,46.407915,16.144511,46.412006,16.144675,False
17178540,Voćnjak-Nedelišće tabla-sprint,0,NC,0.3,0.9,352.2,46.365496,16.370296,46.367938,16.37286,False
22415838,Brana semovec ,0,NC,2.0,9.0,419.0,46.304374,16.464565,46.30679,16.468248,False
18082212,Od Galerije do Baumgartnera,0,NC,-0.1,0.9,1255.6,46.396539,16.42748,46.390623,16.414921,False
18518855,Otok -> Prelog,0,NC,-0.1,3.3,1590.1,46.326466,16.589301,46.332762,16.606837,False
27955921,Rotor-Vž.groblje-rotor,0,NC,0.1,0.8,555.9,46.304913,16.326917,46.309914,16.32693,False
25806628,Forestland,0,NC,2.3,53.0,2120.9,46.422737,16.400971,46.440604,16.398649,False
21061801,"Dragoslave breg, mali hupser",0,NC,7.8,37.2,476.3,46.435553,16.343051,46.439284,16.341497,False
20808597,Totovec - Orehovica,0,NC,-0.1,5.0,4476.4,46.335975,16.451671,46.333902,16.500325,False
23221238,Aquacity E-W  - short,0,NC,0.2,4.0,1559.0,46.309423,16.394125,46.31064,16.374215,False
18876944,E65 -> Turčišće,0,NC,0.0,4.5,649.6,46.409732,16.597822,46.412537,16.594116,False
25047147,Mangart da Tarvisio,5,HC,5.5,1290.3,23579.7,46.498282,13.588552,46.444183,13.643567,False
25459285,Šrint do cilja,0,NC,4.1,16.4,397.4,46.444541,13.646771,46.443762,13.641895,False
18243356,Tarvisio - Dawit,0,NC,3.2,67.4,2090.7,46.505529,13.571187,46.507628,13.544521,False
15949294,Camporosso-Valbruna km lanciato,0,NC,-1.6,15.6,1002.4,46.50601,13.515582,46.502289,13.503473,False
7787367,salita dura lussari,4,1,15.4,676.2,4389.9,46.465781,13.49653,46.472547,13.513106,False
8107356,Achomitz Climb,0,NC,4.1,35.8,883.2,46.573626,13.604645,46.570298,13.607499,False
21065049,switchbacks down,0,NC,-5.0,24.2,482.7,46.469907,13.570942,46.471211,13.570615,False
18667226,Maglern - Arnoldstein,0,NC,-2.5,80.2,3240.5,46.544876,13.655423,46.55056,13.694033,False
7163133,Achomitz climb on way to Italy,0,NC,3.1,66.4,2131.1,46.575969,13.592383,46.569386,13.608835,False
20198672,Arnoldstein - Hohenthurn,0,NC,0.8,72.6,7337.1,46.550513,13.692151,46.570133,13.607782,False
15441100,Wurzenpass bis Grenze,3,2,7.1,558.4,7754.4,46.553992,13.787744,46.517686,13.751569,False
21408010,Začetek vzpona na Vršič,2,3,6.2,172.4,2792.4,46.466561,13.781872,46.445159,13.774833,False
16218485,Wurzenpass...tratto durissimo,2,3,15.8,170.8,1082.3,46.536711,13.759544,46.536949,13.74601,False
3865777,Burgpanorama climb,2,3,6.3,223.5,3574.1,46.560424,13.870239,46.54523,13.902551,False
10299758,K.G. - Lip Kolesarska,0,NC,-1.2,132.8,10652.2,46.486434,13.80195,46.466252,13.931179,False
9181490,Mojstrana->Kranjska gora-Log (kolesarska),1,4,1.3,134.2,10576.7,46.466871,13.928401,46.486513,13.801262,False
18570495,V planico,0,NC,4.8,66.6,1368.0,46.490317,13.723363,46.478871,13.724201,False
18488665,PODKOREN @,2,3,5.9,172.8,2922.4,46.497381,13.759733,46.51675,13.751228,False
15109415,Faak - Egg TT,0,NC,-0.1,9.2,2828.1,46.565922,13.920363,46.583637,13.933271,False
17772433,Ledenitzen -> Neuegg,0,NC,-1.3,29.2,2262.7,46.568045,13.962827,46.577031,13.937755,False
24137245,Köttmannsdorf Speed,0,NC,-1.4,53.4,3897.2,46.561066,14.232354,46.575665,14.274932,False
9422436,IM klagenfurt V climb,1,4,5.0,145.4,2881.9,46.572804,14.075921,46.556699,14.100937,False
21337668,St.Jakob King,0,NC,3.4,26.7,787.8,46.549748,14.05268,46.546627,14.061283,False
17707250,Feistritz up ,0,NC,3.9,42.2,1078.5,46.525072,14.160526,46.521291,14.172973,False
20911577,IM Klagenfurt 2019 - Climb 19,0,NC,1.6,35.2,2140.3,46.542068,14.143823,46.546153,14.165927,False
20911591,IM Klagenfurt 2019 - Climb 20,0,NC,2.6,34.2,1312.7,46.549334,14.202029,46.553864,14.216782,False
24863585,Maria Elend Drücker,0,NC,3.3,27.2,833.0,46.530053,14.088209,46.528891,14.098761,False
18443932,Unterferlach Climb,0,NC,2.8,13.0,465.4,46.54093,14.316951,46.538275,14.312339,False
23309129,halben opferholz,0,NC,4.5,43.4,952.8,46.586617,14.267735,46.580774,14.275594,False
18561075,Loiblpass downhill,0,NC,-7.1,362.2,5069.0,46.448168,14.25417,46.482287,14.26058,False
18077097,Mieger Steep Part,0,NC,7.6,75.4,992.6,46.570634,14.428627,46.578362,14.429754,False
16554029,Die Mauer,0,NC,8.9,55.8,621.6,46.538788,14.4443,46.536668,14.450767,False
12021481,Annabrücke to Mieger,0,NC,0.2,17.8,5425.5,46.571962,14.490647,46.567984,14.429494,False
25337533,Camping Climb,0,NC,2.3,16.8,673.8,46.542198,14.3902,46.538334,14.384494,False
12250926,Abtei Climb,2,3,8.9,214.8,2402.2,46.550964,14.501323,46.552465,14.473952,False
18238464,Schaidasattel climb,2,3,9.3,284.4,3067.5,46.473271,14.482271,46.478951,14.467233,False
24816355,Abtei descent(just DH),0,NC,-9.9,230.0,2320.0,46.552897,14.474501,46.550921,14.501079,False
21907675,Loibegg - Eberndorf,0,NC,-1.8,46.2,2535.9,46.567965,14.66868,46.585347,14.650138,False
11046816,Müllnern Climb,0,NC,10.1,58.9,580.6,46.559369,14.564014,46.561816,14.567955,False
10299023,Eisenkappel bis Miklauzhof,0,NC,-1.3,80.6,6311.3,46.490623,14.586975,46.536138,14.593285,False
21258171,šteha se spomladi,3,2,7.1,347.0,4889.5,46.553697,14.959552,46.564535,14.979112,False
25571667,Protiravnški hupser,0,NC,2.1,8.0,383.0,46.545097,14.940215,46.54418,14.944977,False
21335293,Sprint čez prevalje proti Ravnam,0,NC,-1.1,12.8,1105.0,46.544991,14.914781,46.545602,14.928075,False
26038138,Kotulski hupser,0,NC,3.5,12.0,316.9,46.522105,14.991442,46.522888,14.98794,False
18127798,"EWS 2018 Stage 4 ""The Ridge""",0,NC,-20.7,478.6,2309.8,46.495828,14.842815,46.480645,14.848066,False
21108896,Sprint na Sance (po kolesarski),0,NC,2.7,18.2,671.0,46.535785,14.980688,46.53988,14.975242,False
17851404,flow trail petzen 2018,0,NC,-8.9,996.9,11092.0,46.516776,14.77532,46.540002,14.774966,False
13280492,Mežica-Žerjav,0,NC,1.0,67.5,5089.0,46.520889,14.852814,46.486163,14.870439,False
19013848,pik-polana,0,NC,-3.7,86.0,2287.5,46.56002,14.848673,46.54657,14.86927,False
13195812,KV Mahle- Abzw.Loibegg,0,NC,0.3,14.8,4539.7,46.57694,14.728796,46.56655,14.674864,False
7984823,Rahtel-SG,2,3,6.4,238.9,3736.1,46.512681,15.071902,46.522077,15.069615,False
15619776,Zadnji segment pred Mislinjo,0,NC,4.5,63.5,1251.3,46.444858,15.173736,46.443184,15.189281,False
25907553,Št. Jedrt - Murko,0,NC,0.9,29.3,3283.4,46.541763,15.061807,46.517685,15.083407,False
24153401,Bukovska - Šentjanž,0,NC,-0.6,10.7,1658.4,46.548266,15.048636,46.560665,15.039424,False
8264989,Krnice climb,0,NC,6.9,44.5,641.6,46.496636,15.108473,46.50109,15.107888,False
11604984,Doktor Zarazbor,3,2,4.3,461.2,10103.9,46.467472,15.081642,46.449617,15.007936,False
24959244,Šmiklavž Climb,0,NC,3.7,26.3,706.7,46.452667,15.133532,46.456845,15.131011,False
17750159,Borovničke (:,0,NC,-17.9,57.0,319.0,46.528797,15.003157,46.527217,14.999991,False
10165922,Vzpon na Kaštivnik,3,2,5.0,580.4,11597.8,46.57239,15.166664,46.52854,15.17782,False
18096756,Ribnica na Pohorju climb ,2,3,5.9,192.2,3275.6,46.544639,15.297531,46.535647,15.267477,False
12789700,Areh,5,HC,5.9,861.4,14545.9,46.490079,15.610466,46.49605,15.507564,False
27487201,dragon trail,0,NC,-18.8,174.6,928.0,46.52536,15.603094,46.530941,15.605752,False
26536010,pogla start:),0,NC,-4.1,12.6,306.0,46.513955,15.579294,46.513104,15.581958,False
3987350,Činžat,1,4,6.2,142.8,2317.2,46.539117,15.452493,46.541928,15.433154,False
26005415,Fontana kicker,0,NC,4.9,15.0,304.6,46.567763,15.620464,46.565785,15.623034,False
1056616,Hočka,3,2,8.4,456.0,5413.9,46.506469398736954,15.626944759860635,46.50786523707211,15.59498238377273,False
15125706,vzpon ob Polskavi,2,3,5.7,309.0,5374.4,46.451066,15.584183,46.451212,15.538342,False
18295341,Sp. Slemen,0,NC,1.8,9.8,317.6,46.556043,15.514158,46.557723,15.517491,False
21506719,FINALNA GAJŽLA,0,NC,6.8,27.1,394.7,46.45192,15.32756,46.453052,15.332441,False
13261272,Javnik vzpon,0,NC,2.3,12.4,402.1,46.583239,15.354536,46.581565,15.359146,False
2511009,vurberg,1,4,5.7,100.1,1767.6,46.492772698402405,15.775723457336426,46.49322867393494,15.794187784194946,False
21084478,Dobrovce-Dravski Dvor TT,0,NC,-0.0,3.2,1070.6,46.478488,15.70536,46.47004,15.711531,False
1019478,Celestrina 17 C Climb,1,4,6.9,112.6,1639.5,46.55308920890093,15.706241922453046,46.55681018717587,15.720949731767178,False
21065159,Od prvega do drugega nadvoza,0,NC,0.0,3.4,1434.8,46.476291,15.654741,46.464165,15.654953,False
4440684,Vzpon Vurberg (from South),0,NC,3.2,51.0,1611.8,46.485115,15.815078,46.489286,15.797084,False
18946192,Brunšvik - Rače,0,NC,0.3,8.2,2278.4,46.442557,15.719584,46.453597,15.695332,False
1849547,Brengova 54 Climb,1,4,7.1,96.2,1359.2,46.56498530879617,15.929281935095787,46.56604151241481,15.942688286304474,False
23955123,Kicar,0,NC,2.8,28.0,937.6,46.448303,15.904559,46.45585,15.903766,False
12756452,Črni les - vzpon,0,NC,3.3,17.2,518.0,46.574909,15.804443,46.574381,15.81097,False
19794139,Šentiljska do Hoferja,0,NC,3.2,17.4,536.2,46.582131,15.665625,46.586564,15.664456,False
12185688,Juršovka,0,NC,5.3,54.7,1021.2,46.506334,16.193521,46.512981,16.19789,False
3781068,Strmec 1,0,NC,10.0,38.8,362.2,46.491554053500295,16.236985456198454,46.48868065327406,16.235347548499703,False
2673240,Koračice 28 Climb,1,4,4.5,81.6,1825.9,46.47520333333333,16.05384,46.48621,16.069736666666667,False
12185599,Juršovka,0,NC,11.1,47.8,423.3,46.516455,16.196685,46.51287,16.197857,False
13092176,Vzpon Krampač,0,NC,9.0,56.4,624.2,46.518253,16.259924,46.514372,16.264087,False
2018499,Zagorci 712,0,NC,5.7,59.6,1028.8,46.522918,16.009454,46.515903,16.00888,False
14105313,Branoslavci - Cezanjevci,0,NC,-0.5,10.8,1204.2,46.523035,16.128746,46.519675,16.143274,False
18927857,Sveti Tomaž climb (steep part),0,NC,7.5,37.8,504.6,46.488963,16.085467,46.48585,16.081077,False
6991944,Hlaponci-Kukava,1,4,8.3,85.0,1022.2,46.463128,15.975132,46.465472,15.964892,False
24218956,mimo picekov - smer Boreci,0,NC,-0.2,1.8,1080.8,46.549768,16.114119,46.554754,16.12583,False
14448624,Piramida - Cuk,0,NC,8.9,27.4,306.5,46.565833,16.473125,46.565813,16.477039,False
26964710,Police to Piramida,2,3,6.0,166.8,2766.2,46.572945,16.448111,46.565813,16.476863,False
23504720,Tamaškut - mtb,1,4,6.4,82.1,1286.2,46.542618,16.503839,46.552819,16.502894,False
9715083,Železna gora breg x,0,NC,6.1,52.9,863.4,46.47385,16.305452,46.481187,16.306796,False
20728188,Torny small climb,0,NC,4.0,13.4,333.5,46.51895,16.556453,46.521775,16.555315,False
7232067,18% uspona na Kapelščak,0,NC,9.7,78.8,811.9,46.508293,16.364712,46.502138,16.362883,False
24051965,teskándi nyomd neki,0,NC,1.5,7.8,533.7,46.573121,16.569301,46.576668,16.56658,False
11698410,Žižki - V. Polana,0,NC,-0.2,2.2,1328.4,46.571848,16.31384,46.568757,16.330539,False
25646341,Štrukovec-MS,0,NC,-0.5,23.0,3156.4,46.476522,16.423512,46.504077,16.43148,False
10799743,Cigajnščak sprint,0,NC,0.1,7.2,2894.5,46.46372,16.545061,46.473071,16.513994,False
17744733,Speedy Gonzales - TdK 2018 - TEAM STRASSACKER,0,NC,-7.9,240.0,3022.1,46.731193,13.660473,46.711239,13.669643,False
12225806,R3 Rough Stuff - Not rough any more - resurfaced at last,0,NC,-0.9,2.9,321.0,46.617306,13.474196,46.615409,13.477192,False
12859447,Speed-trap,0,NC,-0.5,1.8,207.2,46.631587,13.440564,46.631331,13.437881,False
17382480,LaasShot,1,4,9.7,83.4,857.4,46.713777,13.667656,46.719082,13.660017,False
23641887,Bleiberg_fullepulle_abwärts,0,NC,-3.3,242.0,7273.8,46.626259,13.669661,46.600712,13.609531,False
25077115,Obervellach climb,0,NC,3.4,17.6,464.1,46.633114,13.397758,46.634889,13.40224,False
12822643,R3 Voorderberg to Görtschach along Gail,0,NC,0.1,6.5,3267.1,46.601084,13.524628,46.612941,13.486125,False
12414478,Stockenboi climb,2,3,2.1,220.8,10746.4,46.726333,13.564727,46.70201,13.446289,False
21632281,Scharnitzen Climb,1,4,4.6,110.6,2390.8,46.703449,13.641745,46.707955,13.612742,False
22956881,Cos Lukas stopped early,1,4,8.4,106.8,1264.5,46.591265,13.622728,46.598295,13.611106,False
4706330,Villacher od rampe do kraja uspona,5,HC,7.0,1115.0,15942.0,46.600952,13.811909,46.592706,13.712832,False
12598076,Ribnig ascent until traffic mirror,0,NC,7.1,53.8,762.8,46.596362,13.941302,46.591713,13.934767,False
20629700,Gummern Brücke - Wollanig,0,NC,-0.3,23.2,4873.9,46.652056,13.774023,46.635591,13.827109,False
25743064,Rennstein Hügel - to L37,0,NC,3.7,16.4,449.2,46.63259,13.832209,46.629026,13.834872,False
21308322,ossiachersee linksom laatste stuk,0,NC,0.4,13.0,2753.5,46.649563,13.898826,46.652749,13.933246,False
15422420,Krastal Ostauffahrt,1,4,3.4,110.5,3207.2,46.676668,13.842117,46.672635,13.805928,False
25399051,B83 SpeedCheck,0,NC,-1.5,9.4,618.8,46.607889,13.984564,46.606652,13.992424,False
26509461,Huby Trail T62,0,NC,-28.3,214.8,757.7,46.676856,14.003994,46.680522,14.002247,False
15001648,Gipfelstraße Kompett,5,HC,9.6,1001.0,10391.5,46.724946,13.876569,46.695388,13.913132,False
17502613,Rosegger Straße #2,0,NC,3.8,51.2,1341.9,46.593292,14.0203,46.603332,14.014531,False
7089883,hallegg,0,NC,8.7,18.0,207.8,46.649636,14.241213,46.648547,14.240746,False
15779325,Kraftwerksfinale,0,NC,-0.2,4.0,980.9,46.622768,14.073102,46.62564,14.085193,False
11996803,Bahnschranke - Velden,0,NC,0.1,20.2,6030.8,46.63645,14.125378,46.618249,14.051954,False
26118028,Woody Woodpecker,0,NC,-24.8,167.2,675.0,46.597967,14.254256,46.602589,14.255589,False
12027698,Klagenfurt-Freyenthurn Sprint,0,NC,0.5,6.4,1199.6,46.627054,14.24223,46.623742,14.256625,False
2081161,Aussichtsturm Pyramidenkugel,3,2,7.6,326.8,4300.8,46.591954082250595,14.16472845710814,46.60935290157795,14.145034421235323,False
24787573,Pörtschacher Sprint reverse long,0,NC,-0.7,13.9,1228.6,46.631539,14.163302,46.635103,14.14838,False
17254483,Velden DH,0,NC,-3.4,33.6,994.6,46.604841,14.036582,46.609439,14.039893,False
4159071,Glantalstraße Climb,1,4,7.6,94.7,1253.4,46.701884,14.261596,46.691359,14.258928,False
18446717,Alt-Ossiach till Pragrad,0,NC,0.3,19.6,3366.4,46.688117,14.027742,46.693561,14.06957,False
7008029,Full Magdalensberg Climb (from S37 to Top),3,2,6.6,578.4,8742.9,46.717227,14.375002,46.72851,14.428556,False
21285999,Steffi dein Schupfer.....bist gleich oben!,0,NC,2.5,9.6,317.1,46.620145,14.417581,46.620013,14.4216,False
22012602,Bahnbegleitweg W-O bis Niederdorferstraße,0,NC,-0.3,5.6,2034.3,46.618121,14.371075,46.619339,14.397408,False
10280695,Ausgrabung bis Gipfel,1,4,11.6,109.7,949.2,46.7244,14.42907,46.728745,14.428186,False
21039474,"Ottmanach, Latschach, Göriach",2,3,6.4,220.6,3450.4,46.70329,14.421548,46.717906,14.433206,False
7493367,Ottmanacher Landesstraße climb,0,NC,3.9,45.6,1102.3,46.690798,14.360023,46.694278,14.371588,False
23001513,Sprint zum Wirten,0,NC,2.7,13.2,428.8,46.608917,14.471066,46.610747,14.466712,False
18639178,Kitzlelberg Plattform,2,3,8.9,202.2,2125.7,46.602974,14.558569,46.598237,14.563228,False
12044330,der-henker-von-voelkermarkt,0,NC,-3.8,32.7,737.4,46.658175,14.634278,46.656136,14.632973,False
17307731,Eibelhof Welle,0,NC,3.0,41.6,1403.3,46.665693,14.438713,46.675446,14.446157,False
1210588,Langegg 21 Climb,2,3,6.2,216.2,3513.0,46.73176598735154,14.783105961978436,46.73120096325874,14.754234999418259,False
7071946,Griffnerberg,2,3,7.0,211.2,2863.8,46.716306,14.73905,46.730879,14.754498,False
21982130,Libeliška Gora \|/,2,3,9.2,206.0,2239.8,46.612943,14.952013,46.61411,14.941511,False
14335764,Uphill Schlossberg,2,3,9.5,198.0,2074.7,46.589241,14.803252,46.589789,14.814914,False
14464002,Grutschen,1,4,7.2,160.7,2207.0,46.680084,14.778264,46.684159,14.801506,False
26007323,Espresso Sprint,0,NC,-0.9,3.4,303.2,46.707507,14.870824,46.704903,14.86965,False
21378322,hupser,0,NC,3.2,26.6,764.6,46.596624,14.985774,46.592865,14.994059,False
20033734,Griffen to Ruden ,0,NC,-0.5,33.8,5441.0,46.694198,14.734915,46.658667,14.763589,False
25226726,Neuhaus Climb,0,NC,4.6,31.0,672.3,46.645971,14.897052,46.645703,14.888442,False
20494663,Bridge Sprint - Draubrücke,0,NC,-0.6,3.0,531.0,46.636192,14.776964,46.631517,14.775595,False
21156195,Radlpass Tabla Radlje - Tabla Avstrija,2,3,5.0,277.8,5562.8,46.617078,15.211298,46.644115,15.207145,False
21261332,Ojstrica ,3,2,7.3,599.0,8253.5,46.589824,15.021657,46.619103,15.035562,False
15042246,TT krožni - kolesarska,0,NC,-1.4,11.8,843.7,46.610899,15.24083,46.606392,15.249382,False
27506765,Muta - Radle,0,NC,0.7,45.5,4253.9,46.611652,15.171037,46.613834,15.208424,False
23304828,Trbonje - Dravograd,0,NC,0.0,15.0,6144.0,46.607082,15.111901,46.595978,15.037507,False
9936558,Pongratzen von Lateindorf,3,2,8.6,367.3,4286.0,46.672796,15.279885,46.655253,15.29853,False
9312323,Pitschgau: von Wies (Bahnhof),0,NC,8.3,44.8,537.5,46.717566,15.273159,46.713395,15.27486,False
14922303,Radlpass Austrian Side,1,4,9.5,148.2,1561.8,46.6506,15.208342,46.645674,15.207544,False
15950382,Bajsov vrh,1,4,6.6,144.2,1895.4,46.627734,15.283963,46.616847,15.289159,False
18342477,Soboth: final climb,2,3,8.7,209.0,2391.4,46.67363,15.033192,46.668386,15.010005,False
6894756,urban vzpon,2,3,8.4,212.7,2532.3,46.590056,15.616593,46.599868,15.602903,False
15043171,Karnerberg: von Leutschach,1,4,5.3,121.4,2291.6,46.669529,15.467958,46.681604,15.479927,False
6956261,Gaj-Urban,0,NC,0.2,83.0,4844.4,46.619968,15.568632,46.605305,15.604677,False
2558986,gaj,0,NC,5.9,76.2,984.5,46.61921739578247,15.554977655410767,46.61898672580719,15.564998388290405,False
8366802,Weingut Rothschädl-Kreuzbergwarte,0,NC,4.7,17.9,374.1,46.705064,15.460039,46.708326,15.458997,False
1318186,Rošpoh   Del Climb,1,4,7.4,85.9,1163.1,46.60946,15.628658,46.602143,15.62299,False
18695807,R20 Saggautalradweg: Wuggau - Unterhaag,0,NC,0.5,4.6,924.7,46.690955,15.36927,46.686602,15.35993,False
10173174,Gamlitz-Ehrenhausen (B69),0,NC,-0.9,16.0,1464.4,46.72141,15.565641,46.719197,15.58359,False
18225401,Spielfeld - Ehrenhausen,0,NC,0.2,9.2,4159.0,46.708875,15.631639,46.727767,15.586014,False
18785689,"Fötschach (the steep ""Snake"" part) climb",0,NC,11.1,50.6,456.7,46.669342,15.515005,46.671903,15.514984,False
2018563,Sladkogorska cesta 438,0,NC,5.0,59.8,1188.4,46.681283,15.654042,46.68362,15.661059,False
23517569,Kosmata taca,0,NC,9.3,29.6,316.9,46.693302,15.762826,46.692196,15.765882,False
1456060,Zgornja Velka 61 A Climb,1,4,4.2,100.6,2373.0,46.69615622609854,15.745749939233065,46.6932915430516,15.771755632013083,False
21302935,Sp. Jakobski vzpon - RiP,0,NC,6.7,60.4,900.7,46.612381,15.750668,46.616243,15.757119,False
21971544,Obrat - Benedikt sprint,0,NC,0.0,4.4,1358.4,46.595373,15.89233,46.606163,15.891808,False
1043732,Sv. Ana V Slov. Goricah 35 Climb,1,4,8.5,95.2,1122.2,46.657587653025985,15.83885159343481,46.648468896746635,15.84257927723229,False
12895118,Gosdorf-Diepersdorf gerade,0,NC,-0.1,5.0,2254.0,46.725857,15.8027,46.728775,15.831922,False
25994739,Interval po ravnini,0,NC,-0.3,3.4,1292.6,46.60961,15.64651,46.60109,15.655397,False
26166294,spust Rodmošci,0,NC,5.6,35.3,630.5,46.629108,15.956814,46.633251,15.961541,False
18778155,Libman - Picikl bar,0,NC,0.1,15.9,8278.6,46.692476,15.957699,46.723413,15.892933,False
24677376,Markišavci štreka - MS most Ledava ,0,NC,-0.4,4.4,817.5,46.675564,16.16285,46.668761,16.15971,False
12627056,Moravci - Dolga ulica,1,4,2.9,116.8,4093.0,46.690636,16.223277,46.717571,16.251935,False
24180376,Puconci short climb,0,NC,4.0,13.7,341.5,46.70997,16.15191,46.711511,16.14939,False
20933183,Sebeborci-Ivanovci,1,4,4.3,80.6,1888.0,46.713427,16.207996,46.728894,16.21525,False
23381682,Poženi po novon asfalti,0,NC,0.2,4.6,1023.3,46.679615,16.175682,46.682709,16.164064,False
10874376,Atilova pot - Radenci,0,NC,14.4,37.8,263.0,46.624416,16.034578,46.62244,16.032968,False
23917588,ob Muri M.Črnci - Krog Brod,0,NC,-0.1,2.2,2022.2,46.616157,16.094289,46.610964,16.116885,False
25602594,AC Gančani,0,NC,1.9,6.4,318.1,46.640995,16.262968,46.638636,16.260434,False
26154079,Beznovski hupsl,0,NC,1.9,15.0,619.9,46.731329,16.065305,46.732141,16.072459,False
17974066,Brezovci,0,NC,-0.2,9.0,556.4,46.707046,16.117313,46.707633,16.114861,False
22637990,Mumor-Bárhely,0,NC,0.2,5.0,1744.6,46.634522,16.565897,46.647504,16.57627,False
22016440,Dobronak UP,0,NC,1.5,47.8,3109.8,46.654161,16.35294,46.669466,16.38393,False
12652308,Kápolna - Lenti sprint,0,NC,-0.2,4.1,2047.3,46.653116,16.533878,46.634821,16.533967,False
7016599,Bukovnica-trening,0,NC,5.5,60.4,1088.5,46.679879,16.2924,46.684436,16.303402,False
12612580,Tölgyfa pince,0,NC,10.9,45.8,420.1,46.606234,16.547893,46.603733,16.544008,False
5052237,Gosztola-Lendvadedes ,0,NC,8.2,37.4,454.5,46.591321,16.512495,46.595079,16.510473,False
12628944,LentiSzombathely minihill sprint,0,NC,2.3,17.0,747.2,46.620794,16.573202,46.617081,16.580843,False
17855475,Csesztreg - 86,0,NC,-0.2,5.6,3294.2,46.707637,16.513223,46.680953,16.528529,False
25714637,nadvoz Turnišče (s severa),0,NC,2.4,8.0,319.8,46.613099,16.317843,46.611119,16.314901,False
25358113,Hetés kör,0,NC,0.0,19.2,6915.7,46.618711,16.444698,46.618717,16.444749,False
20344119,Döbriach-Glanzer Landesstraße,2,3,9.1,224.2,2475.3,46.766481,13.646431,46.755815,13.652435,False
18559798,Seeboden => Millstatt,0,NC,-0.9,53.4,3226.0,46.816434,13.530361,46.805082,13.566881,False
18559841,Dellach => Döbriach,0,NC,-2.1,56.6,2733.4,46.785501,13.618078,46.78,13.644128,False
18559814,Millstatt => Dellach,0,NC,1.0,66.6,3787.6,46.802233,13.574028,46.788635,13.615293,False
17657055,Glanz Hill Sprint,0,NC,-0.7,7.8,891.9,46.748815,13.658766,46.755659,13.652723,False
21250618,Döbriach-Erdmann Sprint,0,NC,1.7,23.8,1440.8,46.782158,13.657994,46.790747,13.671881,False
25176563,Erdmannsiedlung climb,0,NC,8.3,25.0,302.6,46.791866,13.673325,46.793659,13.675602,False
25303696,G2-Lieserbrücke,0,NC,-1.0,13.4,1343.8,46.830255,13.492221,46.819276,13.494822,False
25223088,Klim Lendorf,0,NC,1.4,22.0,1614.4,46.830845,13.424673,46.830952,13.445383,False
14542011,Raufen Climb,0,NC,5.0,32.0,640.2,46.830507,13.466907,46.831054,13.475202,False
19137266,Rad Billa-BKK(St.Oswald),3,2,4.5,329.4,7317.2,46.801751,13.710302,46.813158,13.792941,False
18559167,Bad Kleinkirchheim => Golfplatz,0,NC,0.6,38.8,3980.6,46.813452,13.795457,46.813445,13.845537,False
17411430,Lipp Sprint,0,NC,6.6,22.4,341.1,46.801598,13.712355,46.801023,13.71669,False
18559187,Patergassen => Vorwald,0,NC,0.9,11.6,1152.6,46.817382,13.86341,46.82706,13.859295,False
18559175,Wiedweg DH,0,NC,-4.8,69.6,1380.1,46.813521,13.846284,46.817058,13.861434,False
18382578,het dorp in,0,NC,-4.3,69.0,1618.8,46.807116,13.761475,46.813025,13.780174,False
18565999,Warmup climb,0,NC,2.3,31.6,1293.7,46.857514,13.892166,46.867173,13.885262,False
831147,Gegendtaler Weg 4 Climb,1,4,5.9,128.6,2170.9,46.79787171073258,13.746332181617618,46.80977703072131,13.766445061191916,False
24707163,Haidenbachsprint,0,NC,2.2,13.2,600.8,46.78015,13.943983,46.782783,13.937191,False
15195971,Wöllach-Tiebel Climb,1,4,7.2,143.6,1978.4,46.764008,14.017732,46.771377,14.002296,False
707538,Pölling 3 Climb,1,4,5.9,158.2,2656.6,46.751716,14.10925,46.76925,14.121299,False
3951354,Liemberg Climb,1,4,3.8,82.3,2168.6,46.748245,14.262168,46.746769,14.239845,False
21952572,Hörtzendorf bis Unterbergen Ortstafel,0,NC,-1.4,11.6,847.6,46.735283,14.339813,46.742351,14.336088,False
21237148,Himmelberg Tankstelle -> Sender,0,NC,1.5,41.6,2168.9,46.751917,14.034429,46.740883,14.052085,False
23793751,Zammelsberg full climb,3,2,5.4,324.4,6002.3,46.802604,14.158774,46.830745,14.164746,False
21314704,in die Sirnitz,0,NC,5.0,26.2,527.3,46.824159,14.074357,46.823972,14.068425,False
18565797,Gurktal Straße DH,0,NC,-2.6,103.4,3615.9,46.79366,14.083694,46.822135,14.075169,False
14862372,Wasai-St.Urban,0,NC,1.3,72.0,5275.4,46.745985,14.23158,46.748112,14.171235,False
22157584,Märchenwald Lorenziberg,0,NC,-24.2,336.1,1387.6,46.77754,14.304296,46.784212,14.306578,False
10698118,Wimitz -> Pisweg (Ort),2,3,8.0,279.7,3497.6,46.83555,14.301716,46.84831,14.284557,False
3950585,Sankt Ulrich Climb,4,1,7.9,647.0,8227.5,46.748386,14.531197,46.763878,14.574952,False
24950390,Gib alles,0,NC,0.1,4.0,2055.6,46.747992,14.384652,46.763042,14.379263,False
10189094,St. Donat Climb ,0,NC,5.2,59.4,1143.8,46.736705,14.394203,46.742143,14.405445,False
15634906,meiselding climb,0,NC,6.0,39.0,644.7,46.838497,14.396762,46.833655,14.400225,False
10303403,Hochosterwitz Sprint ,0,NC,-1.1,21.8,1847.8,46.752634,14.43839,46.7638,14.451336,False
15297406,Pirka Anstieg,2,3,10.1,186.4,1849.3,46.831807,14.361737,46.831854,14.372632,False
15895209,Hunnenbrunn-Hügel,0,NC,4.3,21.4,495.6,46.779615,14.371501,46.782934,14.375822,False
20388297,Passering bis Kreisverkehr,0,NC,1.6,38.6,2355.5,46.80837,14.466222,46.829314,14.46536,False
20131734,Gösseling Attacke ,0,NC,8.3,32.4,390.4,46.762324,14.489094,46.764256,14.485336,False
10365027,Gunzenberg - Meiselding downhill,0,NC,-7.1,392.8,5511.2,46.878492,14.369311,46.845992,14.393178,False
1210582,Grosser Speikkogel,5,HC,10.8,1640.3,15174.1,46.81066903285682,14.864680990576744,46.78789498284459,14.969933973625302,False
24887432,Lavantweg Sprint,0,NC,0.6,14.6,2599.1,46.784156,14.835609,46.806671,14.840563,False
17906534,Lenzbauer,2,3,11.2,217.6,1946.8,46.825478,14.866178,46.836245,14.869149,False
12838270,Rieding - Waldrast,4,1,10.8,654.9,6055.7,46.818657,14.892904,46.819503,14.931532,False
1923783,Brenner (Lavanttal),0,NC,6.1,71.7,1164.2,46.741451263427734,14.801222801208496,46.74079513549805,14.787769317626953,False
16081765,St.Andrä Kehre Anstieg ,0,NC,7.5,25.0,332.4,46.76618,14.82471,46.765542,14.822863,False
17799430,Untergösel,3,2,8.0,483.4,6079.0,46.872761,14.897736,46.860119,14.927831,False
4151936,Koralmdorf Climb,1,4,16.9,85.7,507.4,46.809608,14.944272,46.807655,14.946559,False
12481479,Vorderwölch climb,3,2,11.9,399.8,3359.5,46.856668,14.841678,46.871962,14.849581,False
13046435,Lausing climb,0,NC,5.8,50.2,866.2,46.827671,14.785858,46.828051,14.795633,False
15653325,Bad Gams Climb,0,NC,4.5,20.4,458.0,46.87096,15.22316,46.874691,15.221016,False
7799108,Weinebene,5,HC,5.9,1269.3,21227.5,46.804888,15.20828,46.837298,15.01662,False
21919587,Kerschbaum-St.Peter Sprint,0,NC,-0.8,8.7,1060.4,46.756399,15.239234,46.758533,15.252512,False
18880780,.Florian Schupfal,0,NC,2.8,11.6,401.9,46.823815,15.316889,46.823657,15.311837,False
17595313,Deutschlandsberg-Bad Gams,0,NC,1.4,59.0,4297.0,46.836148,15.246648,46.869663,15.223745,False
15481079,Harrahofweg Hasreith Climb,0,NC,6.6,37.2,562.1,46.798067,15.298354,46.796281,15.300958,False
12145379,Schwanberg - St. Anna - Full,3,2,9.1,598.2,6586.6,46.754053,15.197746,46.748506,15.160544,False
1466064,Gressenberg 82a Climb,1,4,4.6,95.3,2069.4,46.807707,15.095641,46.816833,15.073332,False
1494850,L619 Climb,1,4,8.5,97.8,1156.0,46.8321189880371,15.0355186462402,46.832462310791,15.0273723602295,False
15452805,Gerhardshof Climb,0,NC,2.8,13.6,349.0,46.872337,15.115527,46.869992,15.118334,False
23275174,die Welle,0,NC,2.1,9.6,307.8,46.764185,15.331351,46.766416,15.332348,False
18042549,Greith Richtung Höch,0,NC,4.7,61.2,1222.2,46.792606,15.437135,46.800492,15.429572,False
7951125,Frauenberg: von Tittenbach,1,4,8.8,85.4,966.0,46.768757,15.533158,46.774327,15.526018,False
12044113,Landscha-Flavia Solva  (B67),0,NC,0.5,4.6,911.6,46.764317,15.580107,46.768023,15.570434,False
20295259,Kogelberg Ridge,0,NC,-8.8,35.8,408.9,46.788806,15.513378,46.785538,15.512377,False
16012605,Nestelbach Welle,0,NC,2.1,15.4,563.8,46.741874,15.466143,46.745502,15.471121,False
4780787,Schönberg - Wildon Climb,0,NC,4.8,45.8,931.3,46.867351,15.477578,46.87395,15.481964,False
24965162,R50 - Anschluss R2 - Sprint,0,NC,0.1,2.2,1301.9,46.830605,15.588049,46.825558,15.573187,False
10265004,Gussendorf - Groß St. Florian (L601),0,NC,0.4,20.4,2416.8,46.83063,15.347405,46.824753,15.318135,False
10222760,Preding - Wettmannstätten BHF (L601),0,NC,0.2,7.3,2773.9,46.848623,15.412156,46.836346,15.38168,False
24269375,Heuboden Anzahrer,0,NC,5.3,31.4,587.6,46.809623,15.811533,46.811125,15.804038,False
27657121,Stradner Kogel - 786 - Steinbach DH Trail (mitte),0,NC,-12.8,56.7,441.6,46.85056,15.923591,46.853401,15.91987,False
4149760,Wolfsberg Climb,1,4,8.4,90.6,1077.1,46.844076,15.657833,46.849485,15.667762,False
5029097,Saßbach - Jagerberg Climb,0,NC,7.8,71.4,915.3,46.852966,15.730847,46.854033,15.737523,False
6914083,Mettersdorf Westclimb,1,4,3.5,96.8,2728.5,46.807831,15.707204,46.822611,15.682271,False
9272147,Drassling Berg,0,NC,9.6,51.4,525.6,46.810193,15.652456,46.814716,15.652109,False
7097122,Gnas Burgfried Climb,1,4,9.0,92.0,993.9,46.873593,15.827281,46.876485,15.83735,False
20680153,Laasen climb,0,NC,4.9,29.0,584.4,46.773768,15.912937,46.774147,15.915437,False
27832417,Weinburger Ramperl (269),0,NC,2.0,40.4,1989.6,46.774498,15.765656,46.767376,15.74284,False
27968924,Siegl Riegl,0,NC,1.8,8.6,429.3,46.740756,15.845458,46.741311,15.840909,False
762118,Kugla,2,3,8.8,167.5,1900.6,46.821968,16.031565,46.836712,16.032137,False
24218167,Otovci do pokopališča,0,NC,4.5,61.0,1361.7,46.801102,16.151007,46.805023,16.135366,False
23665165,po novon asfalti do anten Kuštanovci,0,NC,3.7,20.2,427.0,46.774265,16.203438,46.776844,16.201444,False
1087227,Trdkova 75 Climb,0,NC,12.1,74.8,619.1,46.84999851509929,16.12305116839707,46.85289345681667,16.128170751035213,False
25013601,Prosecka vas - do vikendov,0,NC,8.1,61.6,741.8,46.780095,16.137039,46.785016,16.140493,False
816998,Brejg Kuzma ,0,NC,7.4,79.1,1066.8,46.836246,16.075026,46.841824,16.066053,False
1225156,Bodonci vaga,0,NC,7.0,64.3,917.0,46.741492,16.101185,46.742318,16.091113,False
26336561,Čarnijev hupser,0,NC,4.0,13.6,333.9,46.73935,16.244021,46.742012,16.243208,False
4793958,Sichauf Climb,0,NC,4.5,44.8,908.7,46.84225,15.988712,46.84128,15.977635,False
12958698,Čepinci Climb,0,NC,6.5,54.0,825.6,46.847448,16.217944,46.842922,16.212045,False
23699655,Őri_climb,0,NC,5.6,30.2,543.9,46.841309,16.423609,46.845478,16.426744,False
9771274,Prosenjakovci 725,0,NC,9.2,53.2,581.3,46.739883,16.312644,46.737986,16.306022,False
23398139,7417 up,0,NC,5.6,27.4,485.1,46.828513,16.45656,46.825345,16.45517,False
12960415,Lövöi-szerpentin,0,NC,4.6,80.1,1725.1,46.842858,16.587191,46.833789,16.586107,False
18638568,vasúttól-tábláig,0,NC,0.2,17.2,2929.9,46.847794,16.601609,46.844998,16.565395,False
20833142,Csörgőszer lejtő,0,NC,-4.5,25.4,538.5,46.862814,16.356891,46.865681,16.362468,False
24699430,Viszák TT,0,NC,0.3,7.2,1400.2,46.86378,16.499676,46.875957,16.494985,False
24202703,Bajánsenye-Őriszentpéter,0,NC,0.2,55.2,5369.0,46.801685,16.384293,46.83847,16.420193,False
1585115,Krplivnik,0,NC,6.1,56.6,926.7,46.806023,16.315074,46.799604,16.307744,False
17855745,Kerkaújfalu - Kerkafalva,0,NC,0.3,14.2,4072.4,46.734891,16.508396,46.76704,16.483565,False
